Error handling registered!
01:58:12 [INFO ] GuiBase: ##########################################
01:58:12 [INFO ] GuiBase: APP: Forge v.2.0.15-SNAPSHOT-09.28
01:58:12 [INFO ] GuiBase: Java: 21.0.12.1 (Eclipse Adoptium)
01:58:12 [INFO ] GuiBase: OS: Linux 6.17.0-1022-azure amd64
01:58:12 [INFO ] GuiBase: RAM: 2048 MB max, 4 CPUs
01:58:12 [INFO ] GuiBase: ##########################################
Language 'en-US' loaded successfully.
(ThreadUtil first call): Running with priority 5
Read cards: 34010 archived files in 0 ms (25 parts) using thread pool
Read cards: 14 files in 0 ms (1 parts) using thread pool
Upcoming set Star Trek (TRK) dated in the future. All `upcoming` cards will be added to this set with unknown rarity.
The card A-Alrund's Epiphany was not assigned to any set. Adding it to UNKNOWN set... to fix see res/editions/ folder. 
The card A-Baba Lysaga, Night Witch was not assigned to any set. Adding it to UNKNOWN set... to fix see res/editions/ folder. 
The card A-Divide by Zero was not assigned to any set. Adding it to UNKNOWN set... to fix see res/editions/ folder. 
The card A-Esika's Chariot was not assigned to any set. Adding it to UNKNOWN set... to fix see res/editions/ folder. 
The card A-Faceless Haven was not assigned to any set. Adding it to UNKNOWN set... to fix see res/editions/ folder. 
The card A-Fires of Invention was not assigned to any set. Adding it to UNKNOWN set... to fix see res/editions/ folder. 
The card A-Goldspan Dragon was not assigned to any set. Adding it to UNKNOWN set... to fix see res/editions/ folder. 
The card A-Hullbreaker Horror was not assigned to any set. Adding it to UNKNOWN set... to fix see res/editions/ folder. 
The card A-Kumano Faces Kakkazan was not assigned to any set. Adding it to UNKNOWN set... to fix see res/editions/ folder. 
The card A-Luminarch Aspirant was not assigned to any set. Adding it to UNKNOWN set... to fix see res/editions/ folder. 
The card A-Monster Manual was not assigned to any set. Adding it to UNKNOWN set... to fix see res/editions/ folder. 
The card A-Omnath, Locus of Creation was not assigned to any set. Adding it to UNKNOWN set... to fix see res/editions/ folder. 
The card A-The Meathook Massacre was not assigned to any set. Adding it to UNKNOWN set... to fix see res/editions/ folder. 
The card A-Unholy Heat was not assigned to any set. Adding it to UNKNOWN set... to fix see res/editions/ folder. 
The card Blinding Radiance was not assigned to any set. Adding it to UNKNOWN set... to fix see res/editions/ folder. 
The card Goblin Bruiser was not assigned to any set. Adding it to UNKNOWN set... to fix see res/editions/ folder. 
The card Ogre Painbringer was not assigned to any set. Adding it to UNKNOWN set... to fix see res/editions/ folder. 
The card Titanic Pelagosaur was not assigned to any set. Adding it to UNKNOWN set... to fix see res/editions/ folder. 
The card Treetop Recluse was not assigned to any set. Adding it to UNKNOWN set... to fix see res/editions/ folder. 
Upcoming set Star Trek (TRK) dated in the future. All `upcoming` cards will be added to this set with unknown rarity.
Read cards: 854 files in 0 ms (8 parts) using thread pool
Simulation mode
Ai(1)-ST Balance Drop Pod No Discount vs Ai(2)-Benchmark Red Forge - 200 games of Constructed seed 20261004
Goblin Piker Did not have activator set in SpellAbilityRestriction.canPlay()
Game Outcome: Match Duration 0m : 03s
Game Outcome: Turn 13
Game Outcome: Ai(1)-ST Balance Drop Pod No Discount has won because all opponents have lost
Game Outcome: Ai(2)-Benchmark Red Forge has lost because life total reached 0
Match Result: Ai(1)-ST Balance Drop Pod No Discount: 1 Ai(2)-Benchmark Red Forge: 0 

Game Result: Game 1 ended in 4226 ms. Ai(1)-ST Balance Drop Pod No Discount has won!

Mountain Did not have activator set in SpellAbilityRestriction.canPlay()
Mountain Did not have activator set in SpellAbilityRestriction.canPlay()
Lightning Strike Did not have activator set in SpellAbilityRestriction.canPlay()
Game Outcome: Match Duration 0m : 01s
Game Outcome: Turn 9
Game Outcome: Ai(1)-ST Balance Drop Pod No Discount has lost because life total reached 0
Game Outcome: Ai(2)-Benchmark Red Forge has won because all opponents have lost
Match Result: Ai(1)-ST Balance Drop Pod No Discount: 1 Ai(2)-Benchmark Red Forge: 1 

Game Result: Game 2 ended in 1467 ms. Ai(2)-Benchmark Red Forge has won!

Mountain Did not have activator set in SpellAbilityRestriction.canPlay()
Goblin Piker Did not have activator set in SpellAbilityRestriction.canPlay()
Game Outcome: Match Duration 0m : 00s
Game Outcome: Turn 8
Game Outcome: Ai(1)-ST Balance Drop Pod No Discount has lost because life total reached 0
Game Outcome: Ai(2)-Benchmark Red Forge has won because all opponents have lost
Match Result: Ai(1)-ST Balance Drop Pod No Discount: 1 Ai(2)-Benchmark Red Forge: 2 

Game Result: Game 3 ended in 998 ms. Ai(2)-Benchmark Red Forge has won!

Mountain Did not have activator set in SpellAbilityRestriction.canPlay()
Mountain Did not have activator set in SpellAbilityRestriction.canPlay()
Game Outcome: Match Duration 0m : 00s
Game Outcome: Turn 8
Game Outcome: Ai(1)-ST Balance Drop Pod No Discount has won because all opponents have lost
Game Outcome: Ai(2)-Benchmark Red Forge has lost because life total reached 0
Match Result: Ai(1)-ST Balance Drop Pod No Discount: 2 Ai(2)-Benchmark Red Forge: 2 

Game Result: Game 4 ended in 895 ms. Ai(1)-ST Balance Drop Pod No Discount has won!

Volcanic Hammer Did not have activator set in SpellAbilityRestriction.canPlay()
Lava Axe Did not have activator set in SpellAbilityRestriction.canPlay()
Lava Axe Did not have activator set in SpellAbilityRestriction.canPlay()
Lightning Elemental Did not have activator set in SpellAbilityRestriction.canPlay()
Game Outcome: Match Duration 0m : 00s
Game Outcome: Turn 7
Game Outcome: Ai(1)-ST Balance Drop Pod No Discount has won because all opponents have lost
Game Outcome: Ai(2)-Benchmark Red Forge has lost because life total reached 0
Match Result: Ai(1)-ST Balance Drop Pod No Discount: 3 Ai(2)-Benchmark Red Forge: 2 

Game Result: Game 5 ended in 626 ms. Ai(1)-ST Balance Drop Pod No Discount has won!

Mountain Did not have activator set in SpellAbilityRestriction.canPlay()
Game Outcome: Match Duration 0m : 00s
Game Outcome: Turn 10
Game Outcome: Ai(1)-ST Balance Drop Pod No Discount has won because all opponents have lost
Game Outcome: Ai(2)-Benchmark Red Forge has lost because life total reached 0
Match Result: Ai(1)-ST Balance Drop Pod No Discount: 4 Ai(2)-Benchmark Red Forge: 2 

Game Result: Game 6 ended in 1049 ms. Ai(1)-ST Balance Drop Pod No Discount has won!

Mountain Did not have activator set in SpellAbilityRestriction.canPlay()
Mountain Did not have activator set in SpellAbilityRestriction.canPlay()
Mountain Did not have activator set in SpellAbilityRestriction.canPlay()
Mountain Did not have activator set in SpellAbilityRestriction.canPlay()
Lava Axe Did not have activator set in SpellAbilityRestriction.canPlay()
Lava Axe Did not have activator set in SpellAbilityRestriction.canPlay()
Game Outcome: Match Duration 0m : 00s
Game Outcome: Turn 9
Game Outcome: Ai(1)-ST Balance Drop Pod No Discount has won because all opponents have lost
Game Outcome: Ai(2)-Benchmark Red Forge has lost because life total reached 0
Match Result: Ai(1)-ST Balance Drop Pod No Discount: 5 Ai(2)-Benchmark Red Forge: 2 

Game Result: Game 7 ended in 864 ms. Ai(1)-ST Balance Drop Pod No Discount has won!

Game Outcome: Match Duration 0m : 00s
Game Outcome: Turn 6
Game Outcome: Ai(1)-ST Balance Drop Pod No Discount has lost because life total reached 0
Game Outcome: Ai(2)-Benchmark Red Forge has won because all opponents have lost
Match Result: Ai(1)-ST Balance Drop Pod No Discount: 5 Ai(2)-Benchmark Red Forge: 3 

Game Result: Game 8 ended in 467 ms. Ai(2)-Benchmark Red Forge has won!

Volcanic Hammer Did not have activator set in SpellAbilityRestriction.canPlay()
Mountain Did not have activator set in SpellAbilityRestriction.canPlay()
Mountain Did not have activator set in SpellAbilityRestriction.canPlay()
Game Outcome: Match Duration 0m : 00s
Game Outcome: Turn 12
Game Outcome: Ai(1)-ST Balance Drop Pod No Discount has won because all opponents have lost
Game Outcome: Ai(2)-Benchmark Red Forge has lost because life total reached 0
Match Result: Ai(1)-ST Balance Drop Pod No Discount: 6 Ai(2)-Benchmark Red Forge: 3 

Game Result: Game 9 ended in 874 ms. Ai(1)-ST Balance Drop Pod No Discount has won!

Mountain Did not have activator set in SpellAbilityRestriction.canPlay()
Mountain Did not have activator set in SpellAbilityRestriction.canPlay()
Mountain Did not have activator set in SpellAbilityRestriction.canPlay()
Mountain Did not have activator set in SpellAbilityRestriction.canPlay()
Game Outcome: Match Duration 0m : 00s
Game Outcome: Turn 8
Game Outcome: Ai(1)-ST Balance Drop Pod No Discount has won because all opponents have lost
Game Outcome: Ai(2)-Benchmark Red Forge has lost because life total reached 0
Match Result: Ai(1)-ST Balance Drop Pod No Discount: 7 Ai(2)-Benchmark Red Forge: 3 

Game Result: Game 10 ended in 531 ms. Ai(1)-ST Balance Drop Pod No Discount has won!

Lightning Strike Did not have activator set in SpellAbilityRestriction.canPlay()
Hill Giant Did not have activator set in SpellAbilityRestriction.canPlay()
Mountain Did not have activator set in SpellAbilityRestriction.canPlay()
Game Outcome: Match Duration 0m : 00s
Game Outcome: Turn 9
Game Outcome: Ai(1)-ST Balance Drop Pod No Discount has won because all opponents have lost
Game Outcome: Ai(2)-Benchmark Red Forge has lost because life total reached 0
Match Result: Ai(1)-ST Balance Drop Pod No Discount: 8 Ai(2)-Benchmark Red Forge: 3 

Game Result: Game 11 ended in 711 ms. Ai(1)-ST Balance Drop Pod No Discount has won!

Mountain Did not have activator set in SpellAbilityRestriction.canPlay()
Mountain Did not have activator set in SpellAbilityRestriction.canPlay()
Lightning Elemental Did not have activator set in SpellAbilityRestriction.canPlay()
Mountain Did not have activator set in SpellAbilityRestriction.canPlay()
Shock Did not have activator set in SpellAbilityRestriction.canPlay()
Game Outcome: Match Duration 0m : 01s
Game Outcome: Turn 14
Game Outcome: Ai(1)-ST Balance Drop Pod No Discount has won because all opponents have lost
Game Outcome: Ai(2)-Benchmark Red Forge has lost because life total reached 0
Match Result: Ai(1)-ST Balance Drop Pod No Discount: 9 Ai(2)-Benchmark Red Forge: 3 

Game Result: Game 12 ended in 1605 ms. Ai(1)-ST Balance Drop Pod No Discount has won!

Game Outcome: Match Duration 0m : 00s
Game Outcome: Turn 7
Game Outcome: Ai(1)-ST Balance Drop Pod No Discount has won because all opponents have lost
Game Outcome: Ai(2)-Benchmark Red Forge has lost because life total reached 0
Match Result: Ai(1)-ST Balance Drop Pod No Discount: 10 Ai(2)-Benchmark Red Forge: 3 

Game Result: Game 13 ended in 612 ms. Ai(1)-ST Balance Drop Pod No Discount has won!

Mountain Did not have activator set in SpellAbilityRestriction.canPlay()
Mountain Did not have activator set in SpellAbilityRestriction.canPlay()
Goblin Chariot Did not have activator set in SpellAbilityRestriction.canPlay()
Game Outcome: Match Duration 0m : 00s
Game Outcome: Turn 10
Game Outcome: Ai(1)-ST Balance Drop Pod No Discount has lost because life total reached 0
Game Outcome: Ai(2)-Benchmark Red Forge has won because all opponents have lost
Match Result: Ai(1)-ST Balance Drop Pod No Discount: 10 Ai(2)-Benchmark Red Forge: 4 

Game Result: Game 14 ended in 831 ms. Ai(2)-Benchmark Red Forge has won!

Mountain Did not have activator set in SpellAbilityRestriction.canPlay()
Mountain Did not have activator set in SpellAbilityRestriction.canPlay()
Mountain Did not have activator set in SpellAbilityRestriction.canPlay()
Mountain Did not have activator set in SpellAbilityRestriction.canPlay()
Game Outcome: Match Duration 0m : 00s
Game Outcome: Turn 8
Game Outcome: Ai(1)-ST Balance Drop Pod No Discount has won because all opponents have lost
Game Outcome: Ai(2)-Benchmark Red Forge has lost because life total reached 0
Match Result: Ai(1)-ST Balance Drop Pod No Discount: 11 Ai(2)-Benchmark Red Forge: 4 

Game Result: Game 15 ended in 467 ms. Ai(1)-ST Balance Drop Pod No Discount has won!

Mountain Did not have activator set in SpellAbilityRestriction.canPlay()
Mountain Did not have activator set in SpellAbilityRestriction.canPlay()
Lava Axe Did not have activator set in SpellAbilityRestriction.canPlay()
Game Outcome: Match Duration 0m : 00s
Game Outcome: Turn 11
Game Outcome: Ai(1)-ST Balance Drop Pod No Discount has lost because life total reached 0
Game Outcome: Ai(2)-Benchmark Red Forge has won because all opponents have lost
Match Result: Ai(1)-ST Balance Drop Pod No Discount: 11 Ai(2)-Benchmark Red Forge: 5 

Game Result: Game 16 ended in 607 ms. Ai(2)-Benchmark Red Forge has won!

Lightning Elemental Did not have activator set in SpellAbilityRestriction.canPlay()
Game Outcome: Match Duration 0m : 00s
Game Outcome: Turn 7
Game Outcome: Ai(1)-ST Balance Drop Pod No Discount has won because all opponents have lost
Game Outcome: Ai(2)-Benchmark Red Forge has lost because life total reached 0
Match Result: Ai(1)-ST Balance Drop Pod No Discount: 12 Ai(2)-Benchmark Red Forge: 5 

Game Result: Game 17 ended in 466 ms. Ai(1)-ST Balance Drop Pod No Discount has won!

Mountain Did not have activator set in SpellAbilityRestriction.canPlay()
Mountain Did not have activator set in SpellAbilityRestriction.canPlay()
Goblin Chariot Did not have activator set in SpellAbilityRestriction.canPlay()
Game Outcome: Match Duration 0m : 00s
Game Outcome: Turn 10
Game Outcome: Ai(1)-ST Balance Drop Pod No Discount has won because all opponents have lost
Game Outcome: Ai(2)-Benchmark Red Forge has lost because life total reached 0
Match Result: Ai(1)-ST Balance Drop Pod No Discount: 13 Ai(2)-Benchmark Red Forge: 5 

Game Result: Game 18 ended in 747 ms. Ai(1)-ST Balance Drop Pod No Discount has won!

Volcanic Hammer Did not have activator set in SpellAbilityRestriction.canPlay()
Lava Axe Did not have activator set in SpellAbilityRestriction.canPlay()
Game Outcome: Match Duration 0m : 00s
Game Outcome: Turn 9
Game Outcome: Ai(1)-ST Balance Drop Pod No Discount has won because all opponents have lost
Game Outcome: Ai(2)-Benchmark Red Forge has lost because life total reached 0
Match Result: Ai(1)-ST Balance Drop Pod No Discount: 14 Ai(2)-Benchmark Red Forge: 5 

Game Result: Game 19 ended in 637 ms. Ai(1)-ST Balance Drop Pod No Discount has won!

Mountain Did not have activator set in SpellAbilityRestriction.canPlay()
Lightning Strike Did not have activator set in SpellAbilityRestriction.canPlay()
Game Outcome: Match Duration 0m : 00s
Game Outcome: Turn 9
Game Outcome: Ai(1)-ST Balance Drop Pod No Discount has won because all opponents have lost
Game Outcome: Ai(2)-Benchmark Red Forge has lost because life total reached 0
Match Result: Ai(1)-ST Balance Drop Pod No Discount: 15 Ai(2)-Benchmark Red Forge: 5 

Game Result: Game 20 ended in 684 ms. Ai(1)-ST Balance Drop Pod No Discount has won!

Raging Goblin Did not have activator set in SpellAbilityRestriction.canPlay()
Volcanic Hammer Did not have activator set in SpellAbilityRestriction.canPlay()
Game Outcome: Match Duration 0m : 00s
Game Outcome: Turn 8
Game Outcome: Ai(1)-ST Balance Drop Pod No Discount has won because all opponents have lost
Game Outcome: Ai(2)-Benchmark Red Forge has lost because life total reached 0
Match Result: Ai(1)-ST Balance Drop Pod No Discount: 16 Ai(2)-Benchmark Red Forge: 5 

Game Result: Game 21 ended in 618 ms. Ai(1)-ST Balance Drop Pod No Discount has won!

Mountain Did not have activator set in SpellAbilityRestriction.canPlay()
Mountain Did not have activator set in SpellAbilityRestriction.canPlay()
Mountain Did not have activator set in SpellAbilityRestriction.canPlay()
Game Outcome: Match Duration 0m : 00s
Game Outcome: Turn 13
Game Outcome: Ai(1)-ST Balance Drop Pod No Discount has won because all opponents have lost
Game Outcome: Ai(2)-Benchmark Red Forge has lost because life total reached 0
Match Result: Ai(1)-ST Balance Drop Pod No Discount: 17 Ai(2)-Benchmark Red Forge: 5 

Game Result: Game 22 ended in 976 ms. Ai(1)-ST Balance Drop Pod No Discount has won!

Lava Axe Did not have activator set in SpellAbilityRestriction.canPlay()
Lava Axe Did not have activator set in SpellAbilityRestriction.canPlay()
Game Outcome: Match Duration 0m : 00s
Game Outcome: Turn 8
Game Outcome: Ai(1)-ST Balance Drop Pod No Discount has won because all opponents have lost
Game Outcome: Ai(2)-Benchmark Red Forge has lost because life total reached 0
Match Result: Ai(1)-ST Balance Drop Pod No Discount: 18 Ai(2)-Benchmark Red Forge: 5 

Game Result: Game 23 ended in 558 ms. Ai(1)-ST Balance Drop Pod No Discount has won!

Game Outcome: Match Duration 0m : 00s
Game Outcome: Turn 7
Game Outcome: Ai(1)-ST Balance Drop Pod No Discount has lost because life total reached 0
Game Outcome: Ai(2)-Benchmark Red Forge has won because all opponents have lost
Match Result: Ai(1)-ST Balance Drop Pod No Discount: 18 Ai(2)-Benchmark Red Forge: 6 

Game Result: Game 24 ended in 441 ms. Ai(2)-Benchmark Red Forge has won!

Mountain Did not have activator set in SpellAbilityRestriction.canPlay()
Mountain Did not have activator set in SpellAbilityRestriction.canPlay()
Lava Axe Did not have activator set in SpellAbilityRestriction.canPlay()
Game Outcome: Match Duration 0m : 00s
Game Outcome: Turn 10
Game Outcome: Ai(1)-ST Balance Drop Pod No Discount has won because all opponents have lost
Game Outcome: Ai(2)-Benchmark Red Forge has lost because life total reached 0
Match Result: Ai(1)-ST Balance Drop Pod No Discount: 19 Ai(2)-Benchmark Red Forge: 6 

Game Result: Game 25 ended in 626 ms. Ai(1)-ST Balance Drop Pod No Discount has won!

Mountain Did not have activator set in SpellAbilityRestriction.canPlay()
Lightning Elemental Did not have activator set in SpellAbilityRestriction.canPlay()
Volcanic Hammer Did not have activator set in SpellAbilityRestriction.canPlay()
Game Outcome: Match Duration 0m : 00s
Game Outcome: Turn 10
Game Outcome: Ai(1)-ST Balance Drop Pod No Discount has lost because life total reached 0
Game Outcome: Ai(2)-Benchmark Red Forge has won because all opponents have lost
Match Result: Ai(1)-ST Balance Drop Pod No Discount: 19 Ai(2)-Benchmark Red Forge: 7 

Game Result: Game 26 ended in 667 ms. Ai(2)-Benchmark Red Forge has won!

Goblin Chariot Did not have activator set in SpellAbilityRestriction.canPlay()
Game Outcome: Match Duration 0m : 00s
Game Outcome: Turn 8
Game Outcome: Ai(1)-ST Balance Drop Pod No Discount has won because all opponents have lost
Game Outcome: Ai(2)-Benchmark Red Forge has lost because life total reached 0
Match Result: Ai(1)-ST Balance Drop Pod No Discount: 20 Ai(2)-Benchmark Red Forge: 7 

Game Result: Game 27 ended in 425 ms. Ai(1)-ST Balance Drop Pod No Discount has won!

Mountain Did not have activator set in SpellAbilityRestriction.canPlay()
Mountain Did not have activator set in SpellAbilityRestriction.canPlay()
Mountain Did not have activator set in SpellAbilityRestriction.canPlay()
Hill Giant Did not have activator set in SpellAbilityRestriction.canPlay()
Game Outcome: Match Duration 0m : 00s
Game Outcome: Turn 13
Game Outcome: Ai(1)-ST Balance Drop Pod No Discount has won because all opponents have lost
Game Outcome: Ai(2)-Benchmark Red Forge has lost because life total reached 0
Match Result: Ai(1)-ST Balance Drop Pod No Discount: 21 Ai(2)-Benchmark Red Forge: 7 

Game Result: Game 28 ended in 1035 ms. Ai(1)-ST Balance Drop Pod No Discount has won!

Mountain Did not have activator set in SpellAbilityRestriction.canPlay()
Game Outcome: Match Duration 0m : 00s
Game Outcome: Turn 7
Game Outcome: Ai(1)-ST Balance Drop Pod No Discount has won because all opponents have lost
Game Outcome: Ai(2)-Benchmark Red Forge has lost because life total reached 0
Match Result: Ai(1)-ST Balance Drop Pod No Discount: 22 Ai(2)-Benchmark Red Forge: 7 

Game Result: Game 29 ended in 463 ms. Ai(1)-ST Balance Drop Pod No Discount has won!

Goblin Piker Did not have activator set in SpellAbilityRestriction.canPlay()
Mountain Did not have activator set in SpellAbilityRestriction.canPlay()
Mountain Did not have activator set in SpellAbilityRestriction.canPlay()
Mountain Did not have activator set in SpellAbilityRestriction.canPlay()
Game Outcome: Match Duration 0m : 01s
Game Outcome: Turn 13
Game Outcome: Ai(1)-ST Balance Drop Pod No Discount has won because all opponents have lost
Game Outcome: Ai(2)-Benchmark Red Forge has lost because life total reached 0
Match Result: Ai(1)-ST Balance Drop Pod No Discount: 23 Ai(2)-Benchmark Red Forge: 7 

Game Result: Game 30 ended in 1425 ms. Ai(1)-ST Balance Drop Pod No Discount has won!

Mountain Did not have activator set in SpellAbilityRestriction.canPlay()
Mountain Did not have activator set in SpellAbilityRestriction.canPlay()
Lightning Elemental Did not have activator set in SpellAbilityRestriction.canPlay()
Game Outcome: Match Duration 0m : 00s
Game Outcome: Turn 8
Game Outcome: Ai(1)-ST Balance Drop Pod No Discount has lost because life total reached 0
Game Outcome: Ai(2)-Benchmark Red Forge has won because all opponents have lost
Match Result: Ai(1)-ST Balance Drop Pod No Discount: 23 Ai(2)-Benchmark Red Forge: 8 

Game Result: Game 31 ended in 745 ms. Ai(2)-Benchmark Red Forge has won!

Mountain Did not have activator set in SpellAbilityRestriction.canPlay()
Mountain Did not have activator set in SpellAbilityRestriction.canPlay()
Mountain Did not have activator set in SpellAbilityRestriction.canPlay()
Mountain Did not have activator set in SpellAbilityRestriction.canPlay()
Game Outcome: Match Duration 0m : 01s
Game Outcome: Turn 14
Game Outcome: Ai(1)-ST Balance Drop Pod No Discount has won because all opponents have lost
Game Outcome: Ai(2)-Benchmark Red Forge has lost because life total reached 0
Match Result: Ai(1)-ST Balance Drop Pod No Discount: 24 Ai(2)-Benchmark Red Forge: 8 

Game Result: Game 32 ended in 1309 ms. Ai(1)-ST Balance Drop Pod No Discount has won!

Goblin Chariot Did not have activator set in SpellAbilityRestriction.canPlay()
Lava Axe Did not have activator set in SpellAbilityRestriction.canPlay()
Game Outcome: Match Duration 0m : 01s
Game Outcome: Turn 11
Game Outcome: Ai(1)-ST Balance Drop Pod No Discount has won because all opponents have lost
Game Outcome: Ai(2)-Benchmark Red Forge has lost because life total reached 0
Match Result: Ai(1)-ST Balance Drop Pod No Discount: 25 Ai(2)-Benchmark Red Forge: 8 

Game Result: Game 33 ended in 1174 ms. Ai(1)-ST Balance Drop Pod No Discount has won!

Goblin Chariot Did not have activator set in SpellAbilityRestriction.canPlay()
Mountain Did not have activator set in SpellAbilityRestriction.canPlay()
Lightning Strike Did not have activator set in SpellAbilityRestriction.canPlay()
Lava Axe Did not have activator set in SpellAbilityRestriction.canPlay()
Game Outcome: Match Duration 0m : 00s
Game Outcome: Turn 10
Game Outcome: Ai(1)-ST Balance Drop Pod No Discount has won because all opponents have lost
Game Outcome: Ai(2)-Benchmark Red Forge has lost because life total reached 0
Match Result: Ai(1)-ST Balance Drop Pod No Discount: 26 Ai(2)-Benchmark Red Forge: 8 

Game Result: Game 34 ended in 742 ms. Ai(1)-ST Balance Drop Pod No Discount has won!

Mountain Did not have activator set in SpellAbilityRestriction.canPlay()
Mountain Did not have activator set in SpellAbilityRestriction.canPlay()
Mountain Did not have activator set in SpellAbilityRestriction.canPlay()
Mountain Did not have activator set in SpellAbilityRestriction.canPlay()
Mountain Did not have activator set in SpellAbilityRestriction.canPlay()
Mountain Did not have activator set in SpellAbilityRestriction.canPlay()
Lava Axe Did not have activator set in SpellAbilityRestriction.canPlay()
Game Outcome: Match Duration 0m : 00s
Game Outcome: Turn 11
Game Outcome: Ai(1)-ST Balance Drop Pod No Discount has won because all opponents have lost
Game Outcome: Ai(2)-Benchmark Red Forge has lost because life total reached 0
Match Result: Ai(1)-ST Balance Drop Pod No Discount: 27 Ai(2)-Benchmark Red Forge: 8 

Game Result: Game 35 ended in 710 ms. Ai(1)-ST Balance Drop Pod No Discount has won!

Game Outcome: Match Duration 0m : 00s
Game Outcome: Turn 11
Game Outcome: Ai(1)-ST Balance Drop Pod No Discount has lost because life total reached 0
Game Outcome: Ai(2)-Benchmark Red Forge has won because all opponents have lost
Match Result: Ai(1)-ST Balance Drop Pod No Discount: 27 Ai(2)-Benchmark Red Forge: 9 

Game Result: Game 36 ended in 1038 ms. Ai(2)-Benchmark Red Forge has won!

Mountain Did not have activator set in SpellAbilityRestriction.canPlay()
Mountain Did not have activator set in SpellAbilityRestriction.canPlay()
Volcanic Hammer Did not have activator set in SpellAbilityRestriction.canPlay()
Mountain Did not have activator set in SpellAbilityRestriction.canPlay()
Mountain Did not have activator set in SpellAbilityRestriction.canPlay()
Mountain Did not have activator set in SpellAbilityRestriction.canPlay()
Game Outcome: Match Duration 0m : 00s
Game Outcome: Turn 9
Game Outcome: Ai(1)-ST Balance Drop Pod No Discount has won because all opponents have lost
Game Outcome: Ai(2)-Benchmark Red Forge has lost because life total reached 0
Match Result: Ai(1)-ST Balance Drop Pod No Discount: 28 Ai(2)-Benchmark Red Forge: 9 

Game Result: Game 37 ended in 560 ms. Ai(1)-ST Balance Drop Pod No Discount has won!

Volcanic Hammer Did not have activator set in SpellAbilityRestriction.canPlay()
Lava Axe Did not have activator set in SpellAbilityRestriction.canPlay()
Game Outcome: Match Duration 0m : 01s
Game Outcome: Turn 13
Game Outcome: Ai(1)-ST Balance Drop Pod No Discount has won because all opponents have lost
Game Outcome: Ai(2)-Benchmark Red Forge has lost because life total reached 0
Match Result: Ai(1)-ST Balance Drop Pod No Discount: 29 Ai(2)-Benchmark Red Forge: 9 

Game Result: Game 38 ended in 1357 ms. Ai(1)-ST Balance Drop Pod No Discount has won!

Goblin Chariot Did not have activator set in SpellAbilityRestriction.canPlay()
Goblin Chariot Did not have activator set in SpellAbilityRestriction.canPlay()
Lava Axe Did not have activator set in SpellAbilityRestriction.canPlay()
Game Outcome: Match Duration 0m : 00s
Game Outcome: Turn 9
Game Outcome: Ai(1)-ST Balance Drop Pod No Discount has won because all opponents have lost
Game Outcome: Ai(2)-Benchmark Red Forge has lost because life total reached 0
Match Result: Ai(1)-ST Balance Drop Pod No Discount: 30 Ai(2)-Benchmark Red Forge: 9 

Game Result: Game 39 ended in 635 ms. Ai(1)-ST Balance Drop Pod No Discount has won!

Mountain Did not have activator set in SpellAbilityRestriction.canPlay()
Mountain Did not have activator set in SpellAbilityRestriction.canPlay()
Mountain Did not have activator set in SpellAbilityRestriction.canPlay()
Lightning Elemental Did not have activator set in SpellAbilityRestriction.canPlay()
Mountain Did not have activator set in SpellAbilityRestriction.canPlay()
Game Outcome: Match Duration 0m : 00s
Game Outcome: Turn 6
Game Outcome: Ai(1)-ST Balance Drop Pod No Discount has lost because life total reached 0
Game Outcome: Ai(2)-Benchmark Red Forge has won because all opponents have lost
Match Result: Ai(1)-ST Balance Drop Pod No Discount: 30 Ai(2)-Benchmark Red Forge: 10 

Game Result: Game 40 ended in 392 ms. Ai(2)-Benchmark Red Forge has won!

Mountain Did not have activator set in SpellAbilityRestriction.canPlay()
Mountain Did not have activator set in SpellAbilityRestriction.canPlay()
Mountain Did not have activator set in SpellAbilityRestriction.canPlay()
Mountain Did not have activator set in SpellAbilityRestriction.canPlay()
Mountain Did not have activator set in SpellAbilityRestriction.canPlay()
Mountain Did not have activator set in SpellAbilityRestriction.canPlay()
Game Outcome: Match Duration 0m : 00s
Game Outcome: Turn 8
Game Outcome: Ai(1)-ST Balance Drop Pod No Discount has won because all opponents have lost
Game Outcome: Ai(2)-Benchmark Red Forge has lost because life total reached 0
Match Result: Ai(1)-ST Balance Drop Pod No Discount: 31 Ai(2)-Benchmark Red Forge: 10 

Game Result: Game 41 ended in 496 ms. Ai(1)-ST Balance Drop Pod No Discount has won!

Mountain Did not have activator set in SpellAbilityRestriction.canPlay()
Mountain Did not have activator set in SpellAbilityRestriction.canPlay()
Mountain Did not have activator set in SpellAbilityRestriction.canPlay()
Shock Did not have activator set in SpellAbilityRestriction.canPlay()
Lava Axe Did not have activator set in SpellAbilityRestriction.canPlay()
Game Outcome: Match Duration 0m : 00s
Game Outcome: Turn 9
Game Outcome: Ai(1)-ST Balance Drop Pod No Discount has won because all opponents have lost
Game Outcome: Ai(2)-Benchmark Red Forge has lost because life total reached 0
Match Result: Ai(1)-ST Balance Drop Pod No Discount: 32 Ai(2)-Benchmark Red Forge: 10 

Game Result: Game 42 ended in 528 ms. Ai(1)-ST Balance Drop Pod No Discount has won!

Game Outcome: Match Duration 0m : 00s
Game Outcome: Turn 10
Game Outcome: Ai(1)-ST Balance Drop Pod No Discount has won because all opponents have lost
Game Outcome: Ai(2)-Benchmark Red Forge has lost because life total reached 0
Match Result: Ai(1)-ST Balance Drop Pod No Discount: 33 Ai(2)-Benchmark Red Forge: 10 

Game Result: Game 43 ended in 656 ms. Ai(1)-ST Balance Drop Pod No Discount has won!

Mountain Did not have activator set in SpellAbilityRestriction.canPlay()
Mountain Did not have activator set in SpellAbilityRestriction.canPlay()
Game Outcome: Match Duration 0m : 00s
Game Outcome: Turn 7
Game Outcome: Ai(1)-ST Balance Drop Pod No Discount has lost because life total reached 0
Game Outcome: Ai(2)-Benchmark Red Forge has won because all opponents have lost
Match Result: Ai(1)-ST Balance Drop Pod No Discount: 33 Ai(2)-Benchmark Red Forge: 11 

Game Result: Game 44 ended in 425 ms. Ai(2)-Benchmark Red Forge has won!

Game Outcome: Match Duration 0m : 00s
Game Outcome: Turn 10
Game Outcome: Ai(1)-ST Balance Drop Pod No Discount has won because all opponents have lost
Game Outcome: Ai(2)-Benchmark Red Forge has lost because life total reached 0
Match Result: Ai(1)-ST Balance Drop Pod No Discount: 34 Ai(2)-Benchmark Red Forge: 11 

Game Result: Game 45 ended in 994 ms. Ai(1)-ST Balance Drop Pod No Discount has won!

Mountain Did not have activator set in SpellAbilityRestriction.canPlay()
Mountain Did not have activator set in SpellAbilityRestriction.canPlay()
Goblin Piker Did not have activator set in SpellAbilityRestriction.canPlay()
Lava Axe Did not have activator set in SpellAbilityRestriction.canPlay()
Game Outcome: Match Duration 0m : 00s
Game Outcome: Turn 9
Game Outcome: Ai(1)-ST Balance Drop Pod No Discount has won because all opponents have lost
Game Outcome: Ai(2)-Benchmark Red Forge has lost because life total reached 0
Match Result: Ai(1)-ST Balance Drop Pod No Discount: 35 Ai(2)-Benchmark Red Forge: 11 

Game Result: Game 46 ended in 1148 ms. Ai(1)-ST Balance Drop Pod No Discount has won!

Mountain Did not have activator set in SpellAbilityRestriction.canPlay()
Mountain Did not have activator set in SpellAbilityRestriction.canPlay()
Mountain Did not have activator set in SpellAbilityRestriction.canPlay()
Game Outcome: Match Duration 0m : 01s
Game Outcome: Turn 12
Game Outcome: Ai(1)-ST Balance Drop Pod No Discount has won because all opponents have lost
Game Outcome: Ai(2)-Benchmark Red Forge has lost because life total reached 0
Match Result: Ai(1)-ST Balance Drop Pod No Discount: 36 Ai(2)-Benchmark Red Forge: 11 

Game Result: Game 47 ended in 1516 ms. Ai(1)-ST Balance Drop Pod No Discount has won!

Lightning Elemental Did not have activator set in SpellAbilityRestriction.canPlay()
Mountain Did not have activator set in SpellAbilityRestriction.canPlay()
Game Outcome: Match Duration 0m : 00s
Game Outcome: Turn 9
Game Outcome: Ai(1)-ST Balance Drop Pod No Discount has won because all opponents have lost
Game Outcome: Ai(2)-Benchmark Red Forge has lost because life total reached 0
Match Result: Ai(1)-ST Balance Drop Pod No Discount: 37 Ai(2)-Benchmark Red Forge: 11 

Game Result: Game 48 ended in 665 ms. Ai(1)-ST Balance Drop Pod No Discount has won!

Mountain Did not have activator set in SpellAbilityRestriction.canPlay()
Mountain Did not have activator set in SpellAbilityRestriction.canPlay()
Volcanic Hammer Did not have activator set in SpellAbilityRestriction.canPlay()
Game Outcome: Match Duration 0m : 00s
Game Outcome: Turn 11
Game Outcome: Ai(1)-ST Balance Drop Pod No Discount has lost because life total reached 0
Game Outcome: Ai(2)-Benchmark Red Forge has won because all opponents have lost
Match Result: Ai(1)-ST Balance Drop Pod No Discount: 37 Ai(2)-Benchmark Red Forge: 12 

Game Result: Game 49 ended in 891 ms. Ai(2)-Benchmark Red Forge has won!

Lava Axe Did not have activator set in SpellAbilityRestriction.canPlay()
Mountain Did not have activator set in SpellAbilityRestriction.canPlay()
Mountain Did not have activator set in SpellAbilityRestriction.canPlay()
Game Outcome: Match Duration 0m : 00s
Game Outcome: Turn 8
Game Outcome: Ai(1)-ST Balance Drop Pod No Discount has won because all opponents have lost
Game Outcome: Ai(2)-Benchmark Red Forge has lost because life total reached 0
Match Result: Ai(1)-ST Balance Drop Pod No Discount: 38 Ai(2)-Benchmark Red Forge: 12 

Game Result: Game 50 ended in 595 ms. Ai(1)-ST Balance Drop Pod No Discount has won!

Mountain Did not have activator set in SpellAbilityRestriction.canPlay()
Mountain Did not have activator set in SpellAbilityRestriction.canPlay()
Hill Giant Did not have activator set in SpellAbilityRestriction.canPlay()
Game Outcome: Match Duration 0m : 00s
Game Outcome: Turn 9
Game Outcome: Ai(1)-ST Balance Drop Pod No Discount has won because all opponents have lost
Game Outcome: Ai(2)-Benchmark Red Forge has lost because life total reached 0
Match Result: Ai(1)-ST Balance Drop Pod No Discount: 39 Ai(2)-Benchmark Red Forge: 12 

Game Result: Game 51 ended in 763 ms. Ai(1)-ST Balance Drop Pod No Discount has won!

Game Outcome: Match Duration 0m : 00s
Game Outcome: Turn 6
Game Outcome: Ai(1)-ST Balance Drop Pod No Discount has lost because life total reached 0
Game Outcome: Ai(2)-Benchmark Red Forge has won because all opponents have lost
Match Result: Ai(1)-ST Balance Drop Pod No Discount: 39 Ai(2)-Benchmark Red Forge: 13 

Game Result: Game 52 ended in 384 ms. Ai(2)-Benchmark Red Forge has won!

Game Outcome: Match Duration 0m : 00s
Game Outcome: Turn 8
Game Outcome: Ai(1)-ST Balance Drop Pod No Discount has won because all opponents have lost
Game Outcome: Ai(2)-Benchmark Red Forge has lost because life total reached 0
Match Result: Ai(1)-ST Balance Drop Pod No Discount: 40 Ai(2)-Benchmark Red Forge: 13 

Game Result: Game 53 ended in 597 ms. Ai(1)-ST Balance Drop Pod No Discount has won!

Volcanic Hammer Did not have activator set in SpellAbilityRestriction.canPlay()
Hill Giant Did not have activator set in SpellAbilityRestriction.canPlay()
Game Outcome: Match Duration 0m : 00s
Game Outcome: Turn 10
Game Outcome: Ai(1)-ST Balance Drop Pod No Discount has lost because life total reached 0
Game Outcome: Ai(2)-Benchmark Red Forge has won because all opponents have lost
Match Result: Ai(1)-ST Balance Drop Pod No Discount: 40 Ai(2)-Benchmark Red Forge: 14 

Game Result: Game 54 ended in 616 ms. Ai(2)-Benchmark Red Forge has won!

Hill Giant Did not have activator set in SpellAbilityRestriction.canPlay()
Game Outcome: Match Duration 0m : 00s
Game Outcome: Turn 8
Game Outcome: Ai(1)-ST Balance Drop Pod No Discount has won because all opponents have lost
Game Outcome: Ai(2)-Benchmark Red Forge has lost because life total reached 0
Match Result: Ai(1)-ST Balance Drop Pod No Discount: 41 Ai(2)-Benchmark Red Forge: 14 

Game Result: Game 55 ended in 480 ms. Ai(1)-ST Balance Drop Pod No Discount has won!

Mountain Did not have activator set in SpellAbilityRestriction.canPlay()
Game Outcome: Match Duration 0m : 00s
Game Outcome: Turn 8
Game Outcome: Ai(1)-ST Balance Drop Pod No Discount has won because all opponents have lost
Game Outcome: Ai(2)-Benchmark Red Forge has lost because life total reached 0
Match Result: Ai(1)-ST Balance Drop Pod No Discount: 42 Ai(2)-Benchmark Red Forge: 14 

Game Result: Game 56 ended in 549 ms. Ai(1)-ST Balance Drop Pod No Discount has won!

Mountain Did not have activator set in SpellAbilityRestriction.canPlay()
Mountain Did not have activator set in SpellAbilityRestriction.canPlay()
Mountain Did not have activator set in SpellAbilityRestriction.canPlay()
Mountain Did not have activator set in SpellAbilityRestriction.canPlay()
Game Outcome: Match Duration 0m : 00s
Game Outcome: Turn 12
Game Outcome: Ai(1)-ST Balance Drop Pod No Discount has lost because life total reached 0
Game Outcome: Ai(2)-Benchmark Red Forge has won because all opponents have lost
Match Result: Ai(1)-ST Balance Drop Pod No Discount: 42 Ai(2)-Benchmark Red Forge: 15 

Game Result: Game 57 ended in 834 ms. Ai(2)-Benchmark Red Forge has won!

Mountain Did not have activator set in SpellAbilityRestriction.canPlay()
Mountain Did not have activator set in SpellAbilityRestriction.canPlay()
Lightning Strike Did not have activator set in SpellAbilityRestriction.canPlay()
Raging Goblin Did not have activator set in SpellAbilityRestriction.canPlay()
Game Outcome: Match Duration 0m : 00s
Game Outcome: Turn 6
Game Outcome: Ai(1)-ST Balance Drop Pod No Discount has lost because life total reached 0
Game Outcome: Ai(2)-Benchmark Red Forge has won because all opponents have lost
Match Result: Ai(1)-ST Balance Drop Pod No Discount: 42 Ai(2)-Benchmark Red Forge: 16 

Game Result: Game 58 ended in 725 ms. Ai(2)-Benchmark Red Forge has won!

Mountain Did not have activator set in SpellAbilityRestriction.canPlay()
Mountain Did not have activator set in SpellAbilityRestriction.canPlay()
Shock Did not have activator set in SpellAbilityRestriction.canPlay()
Volcanic Hammer Did not have activator set in SpellAbilityRestriction.canPlay()
Game Outcome: Match Duration 0m : 00s
Game Outcome: Turn 10
Game Outcome: Ai(1)-ST Balance Drop Pod No Discount has won because all opponents have lost
Game Outcome: Ai(2)-Benchmark Red Forge has lost because life total reached 0
Match Result: Ai(1)-ST Balance Drop Pod No Discount: 43 Ai(2)-Benchmark Red Forge: 16 

Game Result: Game 59 ended in 759 ms. Ai(1)-ST Balance Drop Pod No Discount has won!

Lava Axe Did not have activator set in SpellAbilityRestriction.canPlay()
Game Outcome: Match Duration 0m : 00s
Game Outcome: Turn 10
Game Outcome: Ai(1)-ST Balance Drop Pod No Discount has won because all opponents have lost
Game Outcome: Ai(2)-Benchmark Red Forge has lost because life total reached 0
Match Result: Ai(1)-ST Balance Drop Pod No Discount: 44 Ai(2)-Benchmark Red Forge: 16 

Game Result: Game 60 ended in 690 ms. Ai(1)-ST Balance Drop Pod No Discount has won!

Mountain Did not have activator set in SpellAbilityRestriction.canPlay()
Mountain Did not have activator set in SpellAbilityRestriction.canPlay()
Mountain Did not have activator set in SpellAbilityRestriction.canPlay()
Game Outcome: Match Duration 0m : 00s
Game Outcome: Turn 6
Game Outcome: Ai(1)-ST Balance Drop Pod No Discount has lost because life total reached 0
Game Outcome: Ai(2)-Benchmark Red Forge has won because all opponents have lost
Match Result: Ai(1)-ST Balance Drop Pod No Discount: 44 Ai(2)-Benchmark Red Forge: 17 

Game Result: Game 61 ended in 478 ms. Ai(2)-Benchmark Red Forge has won!

Hill Giant Did not have activator set in SpellAbilityRestriction.canPlay()
Mountain Did not have activator set in SpellAbilityRestriction.canPlay()
Hill Giant Did not have activator set in SpellAbilityRestriction.canPlay()
Game Outcome: Match Duration 0m : 00s
Game Outcome: Turn 9
Game Outcome: Ai(1)-ST Balance Drop Pod No Discount has won because all opponents have lost
Game Outcome: Ai(2)-Benchmark Red Forge has lost because life total reached 0
Match Result: Ai(1)-ST Balance Drop Pod No Discount: 45 Ai(2)-Benchmark Red Forge: 17 

Game Result: Game 62 ended in 754 ms. Ai(1)-ST Balance Drop Pod No Discount has won!

Mountain Did not have activator set in SpellAbilityRestriction.canPlay()
Mountain Did not have activator set in SpellAbilityRestriction.canPlay()
Lightning Strike Did not have activator set in SpellAbilityRestriction.canPlay()
Game Outcome: Match Duration 0m : 00s
Game Outcome: Turn 7
Game Outcome: Ai(1)-ST Balance Drop Pod No Discount has lost because life total reached 0
Game Outcome: Ai(2)-Benchmark Red Forge has won because all opponents have lost
Match Result: Ai(1)-ST Balance Drop Pod No Discount: 45 Ai(2)-Benchmark Red Forge: 18 

Game Result: Game 63 ended in 415 ms. Ai(2)-Benchmark Red Forge has won!

Goblin Chariot Did not have activator set in SpellAbilityRestriction.canPlay()
Game Outcome: Match Duration 0m : 00s
Game Outcome: Turn 11
Game Outcome: Ai(1)-ST Balance Drop Pod No Discount has won because all opponents have lost
Game Outcome: Ai(2)-Benchmark Red Forge has lost because life total reached 0
Match Result: Ai(1)-ST Balance Drop Pod No Discount: 46 Ai(2)-Benchmark Red Forge: 18 

Game Result: Game 64 ended in 702 ms. Ai(1)-ST Balance Drop Pod No Discount has won!

Hill Giant Did not have activator set in SpellAbilityRestriction.canPlay()
Mountain Did not have activator set in SpellAbilityRestriction.canPlay()
Game Outcome: Match Duration 0m : 00s
Game Outcome: Turn 11
Game Outcome: Ai(1)-ST Balance Drop Pod No Discount has won because all opponents have lost
Game Outcome: Ai(2)-Benchmark Red Forge has lost because life total reached 0
Match Result: Ai(1)-ST Balance Drop Pod No Discount: 47 Ai(2)-Benchmark Red Forge: 18 

Game Result: Game 65 ended in 825 ms. Ai(1)-ST Balance Drop Pod No Discount has won!

Shock Did not have activator set in SpellAbilityRestriction.canPlay()
Game Outcome: Match Duration 0m : 00s
Game Outcome: Turn 10
Game Outcome: Ai(1)-ST Balance Drop Pod No Discount has won because all opponents have lost
Game Outcome: Ai(2)-Benchmark Red Forge has lost because life total reached 0
Match Result: Ai(1)-ST Balance Drop Pod No Discount: 48 Ai(2)-Benchmark Red Forge: 18 

Game Result: Game 66 ended in 636 ms. Ai(1)-ST Balance Drop Pod No Discount has won!

Mountain Did not have activator set in SpellAbilityRestriction.canPlay()
Lava Axe Did not have activator set in SpellAbilityRestriction.canPlay()
Game Outcome: Match Duration 0m : 00s
Game Outcome: Turn 8
Game Outcome: Ai(1)-ST Balance Drop Pod No Discount has won because all opponents have lost
Game Outcome: Ai(2)-Benchmark Red Forge has lost because life total reached 0
Match Result: Ai(1)-ST Balance Drop Pod No Discount: 49 Ai(2)-Benchmark Red Forge: 18 

Game Result: Game 67 ended in 529 ms. Ai(1)-ST Balance Drop Pod No Discount has won!

Shock Did not have activator set in SpellAbilityRestriction.canPlay()
Shock Did not have activator set in SpellAbilityRestriction.canPlay()
Game Outcome: Match Duration 0m : 00s
Game Outcome: Turn 8
Game Outcome: Ai(1)-ST Balance Drop Pod No Discount has won because all opponents have lost
Game Outcome: Ai(2)-Benchmark Red Forge has lost because life total reached 0
Match Result: Ai(1)-ST Balance Drop Pod No Discount: 50 Ai(2)-Benchmark Red Forge: 18 

Game Result: Game 68 ended in 617 ms. Ai(1)-ST Balance Drop Pod No Discount has won!

Mountain Did not have activator set in SpellAbilityRestriction.canPlay()
Mountain Did not have activator set in SpellAbilityRestriction.canPlay()
Game Outcome: Match Duration 0m : 00s
Game Outcome: Turn 9
Game Outcome: Ai(1)-ST Balance Drop Pod No Discount has lost because life total reached 0
Game Outcome: Ai(2)-Benchmark Red Forge has won because all opponents have lost
Match Result: Ai(1)-ST Balance Drop Pod No Discount: 50 Ai(2)-Benchmark Red Forge: 19 

Game Result: Game 69 ended in 687 ms. Ai(2)-Benchmark Red Forge has won!

Mountain Did not have activator set in SpellAbilityRestriction.canPlay()
Mountain Did not have activator set in SpellAbilityRestriction.canPlay()
Mountain Did not have activator set in SpellAbilityRestriction.canPlay()
Mountain Did not have activator set in SpellAbilityRestriction.canPlay()
Game Outcome: Match Duration 0m : 00s
Game Outcome: Turn 11
Game Outcome: Ai(1)-ST Balance Drop Pod No Discount has lost because life total reached 0
Game Outcome: Ai(2)-Benchmark Red Forge has won because all opponents have lost
Match Result: Ai(1)-ST Balance Drop Pod No Discount: 50 Ai(2)-Benchmark Red Forge: 20 

Game Result: Game 70 ended in 842 ms. Ai(2)-Benchmark Red Forge has won!

Hill Giant Did not have activator set in SpellAbilityRestriction.canPlay()
Game Outcome: Match Duration 0m : 00s
Game Outcome: Turn 8
Game Outcome: Ai(1)-ST Balance Drop Pod No Discount has won because all opponents have lost
Game Outcome: Ai(2)-Benchmark Red Forge has lost because life total reached 0
Match Result: Ai(1)-ST Balance Drop Pod No Discount: 51 Ai(2)-Benchmark Red Forge: 20 

Game Result: Game 71 ended in 499 ms. Ai(1)-ST Balance Drop Pod No Discount has won!

Mountain Did not have activator set in SpellAbilityRestriction.canPlay()
Goblin Chariot Did not have activator set in SpellAbilityRestriction.canPlay()
Shock Did not have activator set in SpellAbilityRestriction.canPlay()
Game Outcome: Match Duration 0m : 00s
Game Outcome: Turn 9
Game Outcome: Ai(1)-ST Balance Drop Pod No Discount has won because all opponents have lost
Game Outcome: Ai(2)-Benchmark Red Forge has lost because life total reached 0
Match Result: Ai(1)-ST Balance Drop Pod No Discount: 52 Ai(2)-Benchmark Red Forge: 20 

Game Result: Game 72 ended in 634 ms. Ai(1)-ST Balance Drop Pod No Discount has won!

Mountain Did not have activator set in SpellAbilityRestriction.canPlay()
Mountain Did not have activator set in SpellAbilityRestriction.canPlay()
Lava Axe Did not have activator set in SpellAbilityRestriction.canPlay()
Game Outcome: Match Duration 0m : 00s
Game Outcome: Turn 8
Game Outcome: Ai(1)-ST Balance Drop Pod No Discount has won because all opponents have lost
Game Outcome: Ai(2)-Benchmark Red Forge has lost because life total reached 0
Match Result: Ai(1)-ST Balance Drop Pod No Discount: 53 Ai(2)-Benchmark Red Forge: 20 

Game Result: Game 73 ended in 498 ms. Ai(1)-ST Balance Drop Pod No Discount has won!

Mountain Did not have activator set in SpellAbilityRestriction.canPlay()
Hill Giant Did not have activator set in SpellAbilityRestriction.canPlay()
Game Outcome: Match Duration 0m : 00s
Game Outcome: Turn 7
Game Outcome: Ai(1)-ST Balance Drop Pod No Discount has won because all opponents have lost
Game Outcome: Ai(2)-Benchmark Red Forge has lost because life total reached 0
Match Result: Ai(1)-ST Balance Drop Pod No Discount: 54 Ai(2)-Benchmark Red Forge: 20 

Game Result: Game 74 ended in 557 ms. Ai(1)-ST Balance Drop Pod No Discount has won!

Mountain Did not have activator set in SpellAbilityRestriction.canPlay()
Goblin Piker Did not have activator set in SpellAbilityRestriction.canPlay()
Mountain Did not have activator set in SpellAbilityRestriction.canPlay()
Mountain Did not have activator set in SpellAbilityRestriction.canPlay()
Shock Did not have activator set in SpellAbilityRestriction.canPlay()
Game Outcome: Match Duration 0m : 00s
Game Outcome: Turn 8
Game Outcome: Ai(1)-ST Balance Drop Pod No Discount has won because all opponents have lost
Game Outcome: Ai(2)-Benchmark Red Forge has lost because life total reached 0
Match Result: Ai(1)-ST Balance Drop Pod No Discount: 55 Ai(2)-Benchmark Red Forge: 20 

Game Result: Game 75 ended in 693 ms. Ai(1)-ST Balance Drop Pod No Discount has won!

Lava Axe Did not have activator set in SpellAbilityRestriction.canPlay()
Goblin Chariot Did not have activator set in SpellAbilityRestriction.canPlay()
Goblin Piker Did not have activator set in SpellAbilityRestriction.canPlay()
Hill Giant Did not have activator set in SpellAbilityRestriction.canPlay()
Game Outcome: Match Duration 0m : 00s
Game Outcome: Turn 7
Game Outcome: Ai(1)-ST Balance Drop Pod No Discount has won because all opponents have lost
Game Outcome: Ai(2)-Benchmark Red Forge has lost because life total reached 0
Match Result: Ai(1)-ST Balance Drop Pod No Discount: 56 Ai(2)-Benchmark Red Forge: 20 

Game Result: Game 76 ended in 491 ms. Ai(1)-ST Balance Drop Pod No Discount has won!

Goblin Piker Did not have activator set in SpellAbilityRestriction.canPlay()
Mountain Did not have activator set in SpellAbilityRestriction.canPlay()
Lightning Strike Did not have activator set in SpellAbilityRestriction.canPlay()
Game Outcome: Match Duration 0m : 00s
Game Outcome: Turn 8
Game Outcome: Ai(1)-ST Balance Drop Pod No Discount has lost because life total reached 0
Game Outcome: Ai(2)-Benchmark Red Forge has won because all opponents have lost
Match Result: Ai(1)-ST Balance Drop Pod No Discount: 56 Ai(2)-Benchmark Red Forge: 21 

Game Result: Game 77 ended in 471 ms. Ai(2)-Benchmark Red Forge has won!

Shock Did not have activator set in SpellAbilityRestriction.canPlay()
Mountain Did not have activator set in SpellAbilityRestriction.canPlay()
Game Outcome: Match Duration 0m : 00s
Game Outcome: Turn 10
Game Outcome: Ai(1)-ST Balance Drop Pod No Discount has won because all opponents have lost
Game Outcome: Ai(2)-Benchmark Red Forge has lost because life total reached 0
Match Result: Ai(1)-ST Balance Drop Pod No Discount: 57 Ai(2)-Benchmark Red Forge: 21 

Game Result: Game 78 ended in 692 ms. Ai(1)-ST Balance Drop Pod No Discount has won!

Hill Giant Did not have activator set in SpellAbilityRestriction.canPlay()
Hill Giant Did not have activator set in SpellAbilityRestriction.canPlay()
Game Outcome: Match Duration 0m : 00s
Game Outcome: Turn 11
Game Outcome: Ai(1)-ST Balance Drop Pod No Discount has won because all opponents have lost
Game Outcome: Ai(2)-Benchmark Red Forge has lost because life total reached 0
Match Result: Ai(1)-ST Balance Drop Pod No Discount: 58 Ai(2)-Benchmark Red Forge: 21 

Game Result: Game 79 ended in 656 ms. Ai(1)-ST Balance Drop Pod No Discount has won!

Mountain Did not have activator set in SpellAbilityRestriction.canPlay()
Shock Did not have activator set in SpellAbilityRestriction.canPlay()
Game Outcome: Match Duration 0m : 00s
Game Outcome: Turn 9
Game Outcome: Ai(1)-ST Balance Drop Pod No Discount has won because all opponents have lost
Game Outcome: Ai(2)-Benchmark Red Forge has lost because life total reached 0
Match Result: Ai(1)-ST Balance Drop Pod No Discount: 59 Ai(2)-Benchmark Red Forge: 21 

Game Result: Game 80 ended in 652 ms. Ai(1)-ST Balance Drop Pod No Discount has won!

Game Outcome: Match Duration 0m : 00s
Game Outcome: Turn 8
Game Outcome: Ai(1)-ST Balance Drop Pod No Discount has lost because life total reached 0
Game Outcome: Ai(2)-Benchmark Red Forge has won because all opponents have lost
Match Result: Ai(1)-ST Balance Drop Pod No Discount: 59 Ai(2)-Benchmark Red Forge: 22 

Game Result: Game 81 ended in 542 ms. Ai(2)-Benchmark Red Forge has won!

Mountain Did not have activator set in SpellAbilityRestriction.canPlay()
Mountain Did not have activator set in SpellAbilityRestriction.canPlay()
Mountain Did not have activator set in SpellAbilityRestriction.canPlay()
Mountain Did not have activator set in SpellAbilityRestriction.canPlay()
Game Outcome: Match Duration 0m : 00s
Game Outcome: Turn 9
Game Outcome: Ai(1)-ST Balance Drop Pod No Discount has won because all opponents have lost
Game Outcome: Ai(2)-Benchmark Red Forge has lost because life total reached 0
Match Result: Ai(1)-ST Balance Drop Pod No Discount: 60 Ai(2)-Benchmark Red Forge: 22 

Game Result: Game 82 ended in 636 ms. Ai(1)-ST Balance Drop Pod No Discount has won!

Mountain Did not have activator set in SpellAbilityRestriction.canPlay()
Mountain Did not have activator set in SpellAbilityRestriction.canPlay()
Mountain Did not have activator set in SpellAbilityRestriction.canPlay()
Mountain Did not have activator set in SpellAbilityRestriction.canPlay()
Game Outcome: Match Duration 0m : 00s
Game Outcome: Turn 9
Game Outcome: Ai(1)-ST Balance Drop Pod No Discount has won because all opponents have lost
Game Outcome: Ai(2)-Benchmark Red Forge has lost because life total reached 0
Match Result: Ai(1)-ST Balance Drop Pod No Discount: 61 Ai(2)-Benchmark Red Forge: 22 

Game Result: Game 83 ended in 654 ms. Ai(1)-ST Balance Drop Pod No Discount has won!

Mountain Did not have activator set in SpellAbilityRestriction.canPlay()
Volcanic Hammer Did not have activator set in SpellAbilityRestriction.canPlay()
Mountain Did not have activator set in SpellAbilityRestriction.canPlay()
Game Outcome: Match Duration 0m : 00s
Game Outcome: Turn 10
Game Outcome: Ai(1)-ST Balance Drop Pod No Discount has won because all opponents have lost
Game Outcome: Ai(2)-Benchmark Red Forge has lost because life total reached 0
Match Result: Ai(1)-ST Balance Drop Pod No Discount: 62 Ai(2)-Benchmark Red Forge: 22 

Game Result: Game 84 ended in 747 ms. Ai(1)-ST Balance Drop Pod No Discount has won!

Goblin Chariot Did not have activator set in SpellAbilityRestriction.canPlay()
Mountain Did not have activator set in SpellAbilityRestriction.canPlay()
Mountain Did not have activator set in SpellAbilityRestriction.canPlay()
Game Outcome: Match Duration 0m : 00s
Game Outcome: Turn 6
Game Outcome: Ai(1)-ST Balance Drop Pod No Discount has lost because life total reached 0
Game Outcome: Ai(2)-Benchmark Red Forge has won because all opponents have lost
Match Result: Ai(1)-ST Balance Drop Pod No Discount: 62 Ai(2)-Benchmark Red Forge: 23 

Game Result: Game 85 ended in 331 ms. Ai(2)-Benchmark Red Forge has won!

Mountain Did not have activator set in SpellAbilityRestriction.canPlay()
Lightning Strike Did not have activator set in SpellAbilityRestriction.canPlay()
Game Outcome: Match Duration 0m : 00s
Game Outcome: Turn 15
Game Outcome: Ai(1)-ST Balance Drop Pod No Discount has won because all opponents have lost
Game Outcome: Ai(2)-Benchmark Red Forge has lost because life total reached 0
Match Result: Ai(1)-ST Balance Drop Pod No Discount: 63 Ai(2)-Benchmark Red Forge: 23 

Game Result: Game 86 ended in 832 ms. Ai(1)-ST Balance Drop Pod No Discount has won!

Raging Goblin Did not have activator set in SpellAbilityRestriction.canPlay()
Mountain Did not have activator set in SpellAbilityRestriction.canPlay()
Lightning Elemental Did not have activator set in SpellAbilityRestriction.canPlay()
Game Outcome: Match Duration 0m : 00s
Game Outcome: Turn 7
Game Outcome: Ai(1)-ST Balance Drop Pod No Discount has lost because life total reached 0
Game Outcome: Ai(2)-Benchmark Red Forge has won because all opponents have lost
Match Result: Ai(1)-ST Balance Drop Pod No Discount: 63 Ai(2)-Benchmark Red Forge: 24 

Game Result: Game 87 ended in 618 ms. Ai(2)-Benchmark Red Forge has won!

Mountain Did not have activator set in SpellAbilityRestriction.canPlay()
Mountain Did not have activator set in SpellAbilityRestriction.canPlay()
Mountain Did not have activator set in SpellAbilityRestriction.canPlay()
Game Outcome: Match Duration 0m : 00s
Game Outcome: Turn 8
Game Outcome: Ai(1)-ST Balance Drop Pod No Discount has won because all opponents have lost
Game Outcome: Ai(2)-Benchmark Red Forge has lost because life total reached 0
Match Result: Ai(1)-ST Balance Drop Pod No Discount: 64 Ai(2)-Benchmark Red Forge: 24 

Game Result: Game 88 ended in 536 ms. Ai(1)-ST Balance Drop Pod No Discount has won!

Mountain Did not have activator set in SpellAbilityRestriction.canPlay()
Mountain Did not have activator set in SpellAbilityRestriction.canPlay()
Mountain Did not have activator set in SpellAbilityRestriction.canPlay()
Mountain Did not have activator set in SpellAbilityRestriction.canPlay()
Game Outcome: Match Duration 0m : 00s
Game Outcome: Turn 7
Game Outcome: Ai(1)-ST Balance Drop Pod No Discount has won because all opponents have lost
Game Outcome: Ai(2)-Benchmark Red Forge has lost because life total reached 0
Match Result: Ai(1)-ST Balance Drop Pod No Discount: 65 Ai(2)-Benchmark Red Forge: 24 

Game Result: Game 89 ended in 620 ms. Ai(1)-ST Balance Drop Pod No Discount has won!

Mountain Did not have activator set in SpellAbilityRestriction.canPlay()
Mountain Did not have activator set in SpellAbilityRestriction.canPlay()
Lightning Strike Did not have activator set in SpellAbilityRestriction.canPlay()
Game Outcome: Match Duration 0m : 00s
Game Outcome: Turn 8
Game Outcome: Ai(1)-ST Balance Drop Pod No Discount has won because all opponents have lost
Game Outcome: Ai(2)-Benchmark Red Forge has lost because life total reached 0
Match Result: Ai(1)-ST Balance Drop Pod No Discount: 66 Ai(2)-Benchmark Red Forge: 24 

Game Result: Game 90 ended in 468 ms. Ai(1)-ST Balance Drop Pod No Discount has won!

Lightning Elemental Did not have activator set in SpellAbilityRestriction.canPlay()
Game Outcome: Match Duration 0m : 00s
Game Outcome: Turn 9
Game Outcome: Ai(1)-ST Balance Drop Pod No Discount has lost because life total reached 0
Game Outcome: Ai(2)-Benchmark Red Forge has won because all opponents have lost
Match Result: Ai(1)-ST Balance Drop Pod No Discount: 66 Ai(2)-Benchmark Red Forge: 25 

Game Result: Game 91 ended in 650 ms. Ai(2)-Benchmark Red Forge has won!

Mountain Did not have activator set in SpellAbilityRestriction.canPlay()
Mountain Did not have activator set in SpellAbilityRestriction.canPlay()
Mountain Did not have activator set in SpellAbilityRestriction.canPlay()
Mountain Did not have activator set in SpellAbilityRestriction.canPlay()
Mountain Did not have activator set in SpellAbilityRestriction.canPlay()
Mountain Did not have activator set in SpellAbilityRestriction.canPlay()
Game Outcome: Match Duration 0m : 00s
Game Outcome: Turn 10
Game Outcome: Ai(1)-ST Balance Drop Pod No Discount has won because all opponents have lost
Game Outcome: Ai(2)-Benchmark Red Forge has lost because life total reached 0
Match Result: Ai(1)-ST Balance Drop Pod No Discount: 67 Ai(2)-Benchmark Red Forge: 25 

Game Result: Game 92 ended in 594 ms. Ai(1)-ST Balance Drop Pod No Discount has won!

Hill Giant Did not have activator set in SpellAbilityRestriction.canPlay()
Raging Goblin Did not have activator set in SpellAbilityRestriction.canPlay()
Mountain Did not have activator set in SpellAbilityRestriction.canPlay()
Game Outcome: Match Duration 0m : 00s
Game Outcome: Turn 9
Game Outcome: Ai(1)-ST Balance Drop Pod No Discount has won because all opponents have lost
Game Outcome: Ai(2)-Benchmark Red Forge has lost because life total reached 0
Match Result: Ai(1)-ST Balance Drop Pod No Discount: 68 Ai(2)-Benchmark Red Forge: 25 

Game Result: Game 93 ended in 617 ms. Ai(1)-ST Balance Drop Pod No Discount has won!

Mountain Did not have activator set in SpellAbilityRestriction.canPlay()
Mountain Did not have activator set in SpellAbilityRestriction.canPlay()
Game Outcome: Match Duration 0m : 00s
Game Outcome: Turn 8
Game Outcome: Ai(1)-ST Balance Drop Pod No Discount has lost because life total reached 0
Game Outcome: Ai(2)-Benchmark Red Forge has won because all opponents have lost
Match Result: Ai(1)-ST Balance Drop Pod No Discount: 68 Ai(2)-Benchmark Red Forge: 26 

Game Result: Game 94 ended in 431 ms. Ai(2)-Benchmark Red Forge has won!

Mountain Did not have activator set in SpellAbilityRestriction.canPlay()
Mountain Did not have activator set in SpellAbilityRestriction.canPlay()
Mountain Did not have activator set in SpellAbilityRestriction.canPlay()
Mountain Did not have activator set in SpellAbilityRestriction.canPlay()
Game Outcome: Match Duration 0m : 00s
Game Outcome: Turn 7
Game Outcome: Ai(1)-ST Balance Drop Pod No Discount has won because all opponents have lost
Game Outcome: Ai(2)-Benchmark Red Forge has lost because life total reached 0
Match Result: Ai(1)-ST Balance Drop Pod No Discount: 69 Ai(2)-Benchmark Red Forge: 26 

Game Result: Game 95 ended in 452 ms. Ai(1)-ST Balance Drop Pod No Discount has won!

Goblin Piker Did not have activator set in SpellAbilityRestriction.canPlay()
Hill Giant Did not have activator set in SpellAbilityRestriction.canPlay()
Game Outcome: Match Duration 0m : 00s
Game Outcome: Turn 12
Game Outcome: Ai(1)-ST Balance Drop Pod No Discount has won because all opponents have lost
Game Outcome: Ai(2)-Benchmark Red Forge has lost because life total reached 0
Match Result: Ai(1)-ST Balance Drop Pod No Discount: 70 Ai(2)-Benchmark Red Forge: 26 

Game Result: Game 96 ended in 907 ms. Ai(1)-ST Balance Drop Pod No Discount has won!

Volcanic Hammer Did not have activator set in SpellAbilityRestriction.canPlay()
Game Outcome: Match Duration 0m : 00s
Game Outcome: Turn 8
Game Outcome: Ai(1)-ST Balance Drop Pod No Discount has lost because life total reached 0
Game Outcome: Ai(2)-Benchmark Red Forge has won because all opponents have lost
Match Result: Ai(1)-ST Balance Drop Pod No Discount: 70 Ai(2)-Benchmark Red Forge: 27 

Game Result: Game 97 ended in 452 ms. Ai(2)-Benchmark Red Forge has won!

Mountain Did not have activator set in SpellAbilityRestriction.canPlay()
Mountain Did not have activator set in SpellAbilityRestriction.canPlay()
Mountain Did not have activator set in SpellAbilityRestriction.canPlay()
Mountain Did not have activator set in SpellAbilityRestriction.canPlay()
Volcanic Hammer Did not have activator set in SpellAbilityRestriction.canPlay()
Game Outcome: Match Duration 0m : 00s
Game Outcome: Turn 10
Game Outcome: Ai(1)-ST Balance Drop Pod No Discount has lost because life total reached 0
Game Outcome: Ai(2)-Benchmark Red Forge has won because all opponents have lost
Match Result: Ai(1)-ST Balance Drop Pod No Discount: 70 Ai(2)-Benchmark Red Forge: 28 

Game Result: Game 98 ended in 549 ms. Ai(2)-Benchmark Red Forge has won!

Hill Giant Did not have activator set in SpellAbilityRestriction.canPlay()
Mountain Did not have activator set in SpellAbilityRestriction.canPlay()
Lava Axe Did not have activator set in SpellAbilityRestriction.canPlay()
Game Outcome: Match Duration 0m : 00s
Game Outcome: Turn 8
Game Outcome: Ai(1)-ST Balance Drop Pod No Discount has won because all opponents have lost
Game Outcome: Ai(2)-Benchmark Red Forge has lost because life total reached 0
Match Result: Ai(1)-ST Balance Drop Pod No Discount: 71 Ai(2)-Benchmark Red Forge: 28 

Game Result: Game 99 ended in 459 ms. Ai(1)-ST Balance Drop Pod No Discount has won!

Game Outcome: Match Duration 0m : 01s
Game Outcome: Turn 16
Game Outcome: Ai(1)-ST Balance Drop Pod No Discount has won because all opponents have lost
Game Outcome: Ai(2)-Benchmark Red Forge has lost because life total reached 0
Match Result: Ai(1)-ST Balance Drop Pod No Discount: 72 Ai(2)-Benchmark Red Forge: 28 

Game Result: Game 100 ended in 1998 ms. Ai(1)-ST Balance Drop Pod No Discount has won!

Hill Giant Did not have activator set in SpellAbilityRestriction.canPlay()
Volcanic Hammer Did not have activator set in SpellAbilityRestriction.canPlay()
Hill Giant Did not have activator set in SpellAbilityRestriction.canPlay()
Volcanic Hammer Did not have activator set in SpellAbilityRestriction.canPlay()
Game Outcome: Match Duration 0m : 00s
Game Outcome: Turn 7
Game Outcome: Ai(1)-ST Balance Drop Pod No Discount has won because all opponents have lost
Game Outcome: Ai(2)-Benchmark Red Forge has lost because life total reached 0
Match Result: Ai(1)-ST Balance Drop Pod No Discount: 73 Ai(2)-Benchmark Red Forge: 28 

Game Result: Game 101 ended in 395 ms. Ai(1)-ST Balance Drop Pod No Discount has won!

Mountain Did not have activator set in SpellAbilityRestriction.canPlay()
Lightning Strike Did not have activator set in SpellAbilityRestriction.canPlay()
Game Outcome: Match Duration 0m : 00s
Game Outcome: Turn 10
Game Outcome: Ai(1)-ST Balance Drop Pod No Discount has won because all opponents have lost
Game Outcome: Ai(2)-Benchmark Red Forge has lost because life total reached 0
Match Result: Ai(1)-ST Balance Drop Pod No Discount: 74 Ai(2)-Benchmark Red Forge: 28 

Game Result: Game 102 ended in 757 ms. Ai(1)-ST Balance Drop Pod No Discount has won!

Hill Giant Did not have activator set in SpellAbilityRestriction.canPlay()
Mountain Did not have activator set in SpellAbilityRestriction.canPlay()
Mountain Did not have activator set in SpellAbilityRestriction.canPlay()
Mountain Did not have activator set in SpellAbilityRestriction.canPlay()
Game Outcome: Match Duration 0m : 00s
Game Outcome: Turn 9
Game Outcome: Ai(1)-ST Balance Drop Pod No Discount has won because all opponents have lost
Game Outcome: Ai(2)-Benchmark Red Forge has lost because life total reached 0
Match Result: Ai(1)-ST Balance Drop Pod No Discount: 75 Ai(2)-Benchmark Red Forge: 28 

Game Result: Game 103 ended in 508 ms. Ai(1)-ST Balance Drop Pod No Discount has won!

Goblin Chariot Did not have activator set in SpellAbilityRestriction.canPlay()
Hill Giant Did not have activator set in SpellAbilityRestriction.canPlay()
Game Outcome: Match Duration 0m : 00s
Game Outcome: Turn 7
Game Outcome: Ai(1)-ST Balance Drop Pod No Discount has won because all opponents have lost
Game Outcome: Ai(2)-Benchmark Red Forge has lost because life total reached 0
Match Result: Ai(1)-ST Balance Drop Pod No Discount: 76 Ai(2)-Benchmark Red Forge: 28 

Game Result: Game 104 ended in 435 ms. Ai(1)-ST Balance Drop Pod No Discount has won!

Shock Did not have activator set in SpellAbilityRestriction.canPlay()
Shock Did not have activator set in SpellAbilityRestriction.canPlay()
Game Outcome: Match Duration 0m : 00s
Game Outcome: Turn 11
Game Outcome: Ai(1)-ST Balance Drop Pod No Discount has won because all opponents have lost
Game Outcome: Ai(2)-Benchmark Red Forge has lost because life total reached 0
Match Result: Ai(1)-ST Balance Drop Pod No Discount: 77 Ai(2)-Benchmark Red Forge: 28 

Game Result: Game 105 ended in 757 ms. Ai(1)-ST Balance Drop Pod No Discount has won!

Mountain Did not have activator set in SpellAbilityRestriction.canPlay()
Mountain Did not have activator set in SpellAbilityRestriction.canPlay()
Mountain Did not have activator set in SpellAbilityRestriction.canPlay()
Game Outcome: Match Duration 0m : 00s
Game Outcome: Turn 9
Game Outcome: Ai(1)-ST Balance Drop Pod No Discount has won because all opponents have lost
Game Outcome: Ai(2)-Benchmark Red Forge has lost because life total reached 0
Match Result: Ai(1)-ST Balance Drop Pod No Discount: 78 Ai(2)-Benchmark Red Forge: 28 

Game Result: Game 106 ended in 694 ms. Ai(1)-ST Balance Drop Pod No Discount has won!

Mountain Did not have activator set in SpellAbilityRestriction.canPlay()
Goblin Chariot Did not have activator set in SpellAbilityRestriction.canPlay()
Mountain Did not have activator set in SpellAbilityRestriction.canPlay()
Game Outcome: Match Duration 0m : 00s
Game Outcome: Turn 8
Game Outcome: Ai(1)-ST Balance Drop Pod No Discount has lost because life total reached 0
Game Outcome: Ai(2)-Benchmark Red Forge has won because all opponents have lost
Match Result: Ai(1)-ST Balance Drop Pod No Discount: 78 Ai(2)-Benchmark Red Forge: 29 

Game Result: Game 107 ended in 481 ms. Ai(2)-Benchmark Red Forge has won!

Volcanic Hammer Did not have activator set in SpellAbilityRestriction.canPlay()
Game Outcome: Match Duration 0m : 01s
Game Outcome: Turn 15
Game Outcome: Ai(1)-ST Balance Drop Pod No Discount has won because all opponents have lost
Game Outcome: Ai(2)-Benchmark Red Forge has lost because life total reached 0
Match Result: Ai(1)-ST Balance Drop Pod No Discount: 79 Ai(2)-Benchmark Red Forge: 29 

Game Result: Game 108 ended in 1357 ms. Ai(1)-ST Balance Drop Pod No Discount has won!

Mountain Did not have activator set in SpellAbilityRestriction.canPlay()
Mountain Did not have activator set in SpellAbilityRestriction.canPlay()
Hill Giant Did not have activator set in SpellAbilityRestriction.canPlay()
Game Outcome: Match Duration 0m : 00s
Game Outcome: Turn 7
Game Outcome: Ai(1)-ST Balance Drop Pod No Discount has won because all opponents have lost
Game Outcome: Ai(2)-Benchmark Red Forge has lost because life total reached 0
Match Result: Ai(1)-ST Balance Drop Pod No Discount: 80 Ai(2)-Benchmark Red Forge: 29 

Game Result: Game 109 ended in 527 ms. Ai(1)-ST Balance Drop Pod No Discount has won!

Shock Did not have activator set in SpellAbilityRestriction.canPlay()
Shock Did not have activator set in SpellAbilityRestriction.canPlay()
Lava Axe Did not have activator set in SpellAbilityRestriction.canPlay()
Game Outcome: Match Duration 0m : 00s
Game Outcome: Turn 12
Game Outcome: Ai(1)-ST Balance Drop Pod No Discount has won because all opponents have lost
Game Outcome: Ai(2)-Benchmark Red Forge has lost because life total reached 0
Match Result: Ai(1)-ST Balance Drop Pod No Discount: 81 Ai(2)-Benchmark Red Forge: 29 

Game Result: Game 110 ended in 604 ms. Ai(1)-ST Balance Drop Pod No Discount has won!

Shock Did not have activator set in SpellAbilityRestriction.canPlay()
Game Outcome: Match Duration 0m : 00s
Game Outcome: Turn 11
Game Outcome: Ai(1)-ST Balance Drop Pod No Discount has won because all opponents have lost
Game Outcome: Ai(2)-Benchmark Red Forge has lost because life total reached 0
Match Result: Ai(1)-ST Balance Drop Pod No Discount: 82 Ai(2)-Benchmark Red Forge: 29 

Game Result: Game 111 ended in 687 ms. Ai(1)-ST Balance Drop Pod No Discount has won!

Lightning Strike Did not have activator set in SpellAbilityRestriction.canPlay()
Hill Giant Did not have activator set in SpellAbilityRestriction.canPlay()
Game Outcome: Match Duration 0m : 00s
Game Outcome: Turn 7
Game Outcome: Ai(1)-ST Balance Drop Pod No Discount has lost because life total reached 0
Game Outcome: Ai(2)-Benchmark Red Forge has won because all opponents have lost
Match Result: Ai(1)-ST Balance Drop Pod No Discount: 82 Ai(2)-Benchmark Red Forge: 30 

Game Result: Game 112 ended in 370 ms. Ai(2)-Benchmark Red Forge has won!

Mountain Did not have activator set in SpellAbilityRestriction.canPlay()
Lightning Strike Did not have activator set in SpellAbilityRestriction.canPlay()
Lava Axe Did not have activator set in SpellAbilityRestriction.canPlay()
Game Outcome: Match Duration 0m : 00s
Game Outcome: Turn 9
Game Outcome: Ai(1)-ST Balance Drop Pod No Discount has won because all opponents have lost
Game Outcome: Ai(2)-Benchmark Red Forge has lost because life total reached 0
Match Result: Ai(1)-ST Balance Drop Pod No Discount: 83 Ai(2)-Benchmark Red Forge: 30 

Game Result: Game 113 ended in 509 ms. Ai(1)-ST Balance Drop Pod No Discount has won!

Mountain Did not have activator set in SpellAbilityRestriction.canPlay()
Mountain Did not have activator set in SpellAbilityRestriction.canPlay()
Raging Goblin Did not have activator set in SpellAbilityRestriction.canPlay()
Mountain Did not have activator set in SpellAbilityRestriction.canPlay()
Game Outcome: Match Duration 0m : 00s
Game Outcome: Turn 7
Game Outcome: Ai(1)-ST Balance Drop Pod No Discount has lost because life total reached 0
Game Outcome: Ai(2)-Benchmark Red Forge has won because all opponents have lost
Match Result: Ai(1)-ST Balance Drop Pod No Discount: 83 Ai(2)-Benchmark Red Forge: 31 

Game Result: Game 114 ended in 408 ms. Ai(2)-Benchmark Red Forge has won!

Mountain Did not have activator set in SpellAbilityRestriction.canPlay()
Mountain Did not have activator set in SpellAbilityRestriction.canPlay()
Shock Did not have activator set in SpellAbilityRestriction.canPlay()
Mountain Did not have activator set in SpellAbilityRestriction.canPlay()
Game Outcome: Match Duration 0m : 00s
Game Outcome: Turn 6
Game Outcome: Ai(1)-ST Balance Drop Pod No Discount has lost because life total reached 0
Game Outcome: Ai(2)-Benchmark Red Forge has won because all opponents have lost
Match Result: Ai(1)-ST Balance Drop Pod No Discount: 83 Ai(2)-Benchmark Red Forge: 32 

Game Result: Game 115 ended in 372 ms. Ai(2)-Benchmark Red Forge has won!

Goblin Piker Did not have activator set in SpellAbilityRestriction.canPlay()
Mountain Did not have activator set in SpellAbilityRestriction.canPlay()
Game Outcome: Match Duration 0m : 01s
Game Outcome: Turn 12
Game Outcome: Ai(1)-ST Balance Drop Pod No Discount has won because all opponents have lost
Game Outcome: Ai(2)-Benchmark Red Forge has lost because life total reached 0
Match Result: Ai(1)-ST Balance Drop Pod No Discount: 84 Ai(2)-Benchmark Red Forge: 32 

Game Result: Game 116 ended in 1183 ms. Ai(1)-ST Balance Drop Pod No Discount has won!

Mountain Did not have activator set in SpellAbilityRestriction.canPlay()
Mountain Did not have activator set in SpellAbilityRestriction.canPlay()
Lava Axe Did not have activator set in SpellAbilityRestriction.canPlay()
Lava Axe Did not have activator set in SpellAbilityRestriction.canPlay()
Game Outcome: Match Duration 0m : 00s
Game Outcome: Turn 9
Game Outcome: Ai(1)-ST Balance Drop Pod No Discount has won because all opponents have lost
Game Outcome: Ai(2)-Benchmark Red Forge has lost because life total reached 0
Match Result: Ai(1)-ST Balance Drop Pod No Discount: 85 Ai(2)-Benchmark Red Forge: 32 

Game Result: Game 117 ended in 500 ms. Ai(1)-ST Balance Drop Pod No Discount has won!

Mountain Did not have activator set in SpellAbilityRestriction.canPlay()
Lava Axe Did not have activator set in SpellAbilityRestriction.canPlay()
Game Outcome: Match Duration 0m : 00s
Game Outcome: Turn 9
Game Outcome: Ai(1)-ST Balance Drop Pod No Discount has won because all opponents have lost
Game Outcome: Ai(2)-Benchmark Red Forge has lost because life total reached 0
Match Result: Ai(1)-ST Balance Drop Pod No Discount: 86 Ai(2)-Benchmark Red Forge: 32 

Game Result: Game 118 ended in 557 ms. Ai(1)-ST Balance Drop Pod No Discount has won!

Mountain Did not have activator set in SpellAbilityRestriction.canPlay()
Mountain Did not have activator set in SpellAbilityRestriction.canPlay()
Lava Axe Did not have activator set in SpellAbilityRestriction.canPlay()
Volcanic Hammer Did not have activator set in SpellAbilityRestriction.canPlay()
Lava Axe Did not have activator set in SpellAbilityRestriction.canPlay()
Game Outcome: Match Duration 0m : 00s
Game Outcome: Turn 7
Game Outcome: Ai(1)-ST Balance Drop Pod No Discount has won because all opponents have lost
Game Outcome: Ai(2)-Benchmark Red Forge has lost because life total reached 0
Match Result: Ai(1)-ST Balance Drop Pod No Discount: 87 Ai(2)-Benchmark Red Forge: 32 

Game Result: Game 119 ended in 416 ms. Ai(1)-ST Balance Drop Pod No Discount has won!

Mountain Did not have activator set in SpellAbilityRestriction.canPlay()
Lava Axe Did not have activator set in SpellAbilityRestriction.canPlay()
Game Outcome: Match Duration 0m : 00s
Game Outcome: Turn 10
Game Outcome: Ai(1)-ST Balance Drop Pod No Discount has won because all opponents have lost
Game Outcome: Ai(2)-Benchmark Red Forge has lost because life total reached 0
Match Result: Ai(1)-ST Balance Drop Pod No Discount: 88 Ai(2)-Benchmark Red Forge: 32 

Game Result: Game 120 ended in 731 ms. Ai(1)-ST Balance Drop Pod No Discount has won!

Volcanic Hammer Did not have activator set in SpellAbilityRestriction.canPlay()
Goblin Chariot Did not have activator set in SpellAbilityRestriction.canPlay()
Game Outcome: Match Duration 0m : 00s
Game Outcome: Turn 8
Game Outcome: Ai(1)-ST Balance Drop Pod No Discount has won because all opponents have lost
Game Outcome: Ai(2)-Benchmark Red Forge has lost because life total reached 0
Match Result: Ai(1)-ST Balance Drop Pod No Discount: 89 Ai(2)-Benchmark Red Forge: 32 

Game Result: Game 121 ended in 513 ms. Ai(1)-ST Balance Drop Pod No Discount has won!

Mountain Did not have activator set in SpellAbilityRestriction.canPlay()
Mountain Did not have activator set in SpellAbilityRestriction.canPlay()
Mountain Did not have activator set in SpellAbilityRestriction.canPlay()
Mountain Did not have activator set in SpellAbilityRestriction.canPlay()
Game Outcome: Match Duration 0m : 00s
Game Outcome: Turn 6
Game Outcome: Ai(1)-ST Balance Drop Pod No Discount has lost because life total reached 0
Game Outcome: Ai(2)-Benchmark Red Forge has won because all opponents have lost
Match Result: Ai(1)-ST Balance Drop Pod No Discount: 89 Ai(2)-Benchmark Red Forge: 33 

Game Result: Game 122 ended in 350 ms. Ai(2)-Benchmark Red Forge has won!

Lightning Elemental Did not have activator set in SpellAbilityRestriction.canPlay()
Game Outcome: Match Duration 0m : 00s
Game Outcome: Turn 11
Game Outcome: Ai(1)-ST Balance Drop Pod No Discount has won because all opponents have lost
Game Outcome: Ai(2)-Benchmark Red Forge has lost because life total reached 0
Match Result: Ai(1)-ST Balance Drop Pod No Discount: 90 Ai(2)-Benchmark Red Forge: 33 

Game Result: Game 123 ended in 764 ms. Ai(1)-ST Balance Drop Pod No Discount has won!

Game Outcome: Match Duration 0m : 00s
Game Outcome: Turn 7
Game Outcome: Ai(1)-ST Balance Drop Pod No Discount has won because all opponents have lost
Game Outcome: Ai(2)-Benchmark Red Forge has lost because life total reached 0
Match Result: Ai(1)-ST Balance Drop Pod No Discount: 91 Ai(2)-Benchmark Red Forge: 33 

Game Result: Game 124 ended in 578 ms. Ai(1)-ST Balance Drop Pod No Discount has won!

Mountain Did not have activator set in SpellAbilityRestriction.canPlay()
Lightning Strike Did not have activator set in SpellAbilityRestriction.canPlay()
Lightning Strike Did not have activator set in SpellAbilityRestriction.canPlay()
Game Outcome: Match Duration 0m : 00s
Game Outcome: Turn 9
Game Outcome: Ai(1)-ST Balance Drop Pod No Discount has won because all opponents have lost
Game Outcome: Ai(2)-Benchmark Red Forge has lost because life total reached 0
Match Result: Ai(1)-ST Balance Drop Pod No Discount: 92 Ai(2)-Benchmark Red Forge: 33 

Game Result: Game 125 ended in 620 ms. Ai(1)-ST Balance Drop Pod No Discount has won!

Mountain Did not have activator set in SpellAbilityRestriction.canPlay()
Mountain Did not have activator set in SpellAbilityRestriction.canPlay()
Mountain Did not have activator set in SpellAbilityRestriction.canPlay()
Game Outcome: Match Duration 0m : 00s
Game Outcome: Turn 9
Game Outcome: Ai(1)-ST Balance Drop Pod No Discount has won because all opponents have lost
Game Outcome: Ai(2)-Benchmark Red Forge has lost because life total reached 0
Match Result: Ai(1)-ST Balance Drop Pod No Discount: 93 Ai(2)-Benchmark Red Forge: 33 

Game Result: Game 126 ended in 490 ms. Ai(1)-ST Balance Drop Pod No Discount has won!

Game Outcome: Match Duration 0m : 00s
Game Outcome: Turn 12
Game Outcome: Ai(1)-ST Balance Drop Pod No Discount has won because all opponents have lost
Game Outcome: Ai(2)-Benchmark Red Forge has lost because life total reached 0
Match Result: Ai(1)-ST Balance Drop Pod No Discount: 94 Ai(2)-Benchmark Red Forge: 33 

Game Result: Game 127 ended in 1064 ms. Ai(1)-ST Balance Drop Pod No Discount has won!

Mountain Did not have activator set in SpellAbilityRestriction.canPlay()
Lightning Strike Did not have activator set in SpellAbilityRestriction.canPlay()
Volcanic Hammer Did not have activator set in SpellAbilityRestriction.canPlay()
Game Outcome: Match Duration 0m : 00s
Game Outcome: Turn 9
Game Outcome: Ai(1)-ST Balance Drop Pod No Discount has won because all opponents have lost
Game Outcome: Ai(2)-Benchmark Red Forge has lost because life total reached 0
Match Result: Ai(1)-ST Balance Drop Pod No Discount: 95 Ai(2)-Benchmark Red Forge: 33 

Game Result: Game 128 ended in 527 ms. Ai(1)-ST Balance Drop Pod No Discount has won!

Mountain Did not have activator set in SpellAbilityRestriction.canPlay()
Mountain Did not have activator set in SpellAbilityRestriction.canPlay()
Game Outcome: Match Duration 0m : 00s
Game Outcome: Turn 8
Game Outcome: Ai(1)-ST Balance Drop Pod No Discount has won because all opponents have lost
Game Outcome: Ai(2)-Benchmark Red Forge has lost because life total reached 0
Match Result: Ai(1)-ST Balance Drop Pod No Discount: 96 Ai(2)-Benchmark Red Forge: 33 

Game Result: Game 129 ended in 481 ms. Ai(1)-ST Balance Drop Pod No Discount has won!

Mountain Did not have activator set in SpellAbilityRestriction.canPlay()
Volcanic Hammer Did not have activator set in SpellAbilityRestriction.canPlay()
Lava Axe Did not have activator set in SpellAbilityRestriction.canPlay()
Game Outcome: Match Duration 0m : 00s
Game Outcome: Turn 9
Game Outcome: Ai(1)-ST Balance Drop Pod No Discount has won because all opponents have lost
Game Outcome: Ai(2)-Benchmark Red Forge has lost because life total reached 0
Match Result: Ai(1)-ST Balance Drop Pod No Discount: 97 Ai(2)-Benchmark Red Forge: 33 

Game Result: Game 130 ended in 615 ms. Ai(1)-ST Balance Drop Pod No Discount has won!

Mountain Did not have activator set in SpellAbilityRestriction.canPlay()
Lightning Strike Did not have activator set in SpellAbilityRestriction.canPlay()
Lava Axe Did not have activator set in SpellAbilityRestriction.canPlay()
Game Outcome: Match Duration 0m : 00s
Game Outcome: Turn 9
Game Outcome: Ai(1)-ST Balance Drop Pod No Discount has won because all opponents have lost
Game Outcome: Ai(2)-Benchmark Red Forge has lost because life total reached 0
Match Result: Ai(1)-ST Balance Drop Pod No Discount: 98 Ai(2)-Benchmark Red Forge: 33 

Game Result: Game 131 ended in 560 ms. Ai(1)-ST Balance Drop Pod No Discount has won!

Game Outcome: Match Duration 0m : 00s
Game Outcome: Turn 7
Game Outcome: Ai(1)-ST Balance Drop Pod No Discount has lost because life total reached 0
Game Outcome: Ai(2)-Benchmark Red Forge has won because all opponents have lost
Match Result: Ai(1)-ST Balance Drop Pod No Discount: 98 Ai(2)-Benchmark Red Forge: 34 

Game Result: Game 132 ended in 365 ms. Ai(2)-Benchmark Red Forge has won!

Mountain Did not have activator set in SpellAbilityRestriction.canPlay()
Mountain Did not have activator set in SpellAbilityRestriction.canPlay()
Game Outcome: Match Duration 0m : 00s
Game Outcome: Turn 9
Game Outcome: Ai(1)-ST Balance Drop Pod No Discount has won because all opponents have lost
Game Outcome: Ai(2)-Benchmark Red Forge has lost because life total reached 0
Match Result: Ai(1)-ST Balance Drop Pod No Discount: 99 Ai(2)-Benchmark Red Forge: 34 

Game Result: Game 133 ended in 540 ms. Ai(1)-ST Balance Drop Pod No Discount has won!

Mountain Did not have activator set in SpellAbilityRestriction.canPlay()
Goblin Chariot Did not have activator set in SpellAbilityRestriction.canPlay()
Goblin Chariot Did not have activator set in SpellAbilityRestriction.canPlay()
Game Outcome: Match Duration 0m : 00s
Game Outcome: Turn 7
Game Outcome: Ai(1)-ST Balance Drop Pod No Discount has won because all opponents have lost
Game Outcome: Ai(2)-Benchmark Red Forge has lost because life total reached 0
Match Result: Ai(1)-ST Balance Drop Pod No Discount: 100 Ai(2)-Benchmark Red Forge: 34 

Game Result: Game 134 ended in 465 ms. Ai(1)-ST Balance Drop Pod No Discount has won!

Game Outcome: Match Duration 0m : 00s
Game Outcome: Turn 8
Game Outcome: Ai(1)-ST Balance Drop Pod No Discount has lost because life total reached 0
Game Outcome: Ai(2)-Benchmark Red Forge has won because all opponents have lost
Match Result: Ai(1)-ST Balance Drop Pod No Discount: 100 Ai(2)-Benchmark Red Forge: 35 

Game Result: Game 135 ended in 524 ms. Ai(2)-Benchmark Red Forge has won!

Mountain Did not have activator set in SpellAbilityRestriction.canPlay()
Mountain Did not have activator set in SpellAbilityRestriction.canPlay()
Mountain Did not have activator set in SpellAbilityRestriction.canPlay()
Game Outcome: Match Duration 0m : 00s
Game Outcome: Turn 9
Game Outcome: Ai(1)-ST Balance Drop Pod No Discount has won because all opponents have lost
Game Outcome: Ai(2)-Benchmark Red Forge has lost because life total reached 0
Match Result: Ai(1)-ST Balance Drop Pod No Discount: 101 Ai(2)-Benchmark Red Forge: 35 

Game Result: Game 136 ended in 528 ms. Ai(1)-ST Balance Drop Pod No Discount has won!

Game Outcome: Match Duration 0m : 00s
Game Outcome: Turn 10
Game Outcome: Ai(1)-ST Balance Drop Pod No Discount has won because all opponents have lost
Game Outcome: Ai(2)-Benchmark Red Forge has lost because life total reached 0
Match Result: Ai(1)-ST Balance Drop Pod No Discount: 102 Ai(2)-Benchmark Red Forge: 35 

Game Result: Game 137 ended in 1044 ms. Ai(1)-ST Balance Drop Pod No Discount has won!

Hill Giant Did not have activator set in SpellAbilityRestriction.canPlay()
Game Outcome: Match Duration 0m : 00s
Game Outcome: Turn 10
Game Outcome: Ai(1)-ST Balance Drop Pod No Discount has won because all opponents have lost
Game Outcome: Ai(2)-Benchmark Red Forge has lost because life total reached 0
Match Result: Ai(1)-ST Balance Drop Pod No Discount: 103 Ai(2)-Benchmark Red Forge: 35 

Game Result: Game 138 ended in 754 ms. Ai(1)-ST Balance Drop Pod No Discount has won!

Mountain Did not have activator set in SpellAbilityRestriction.canPlay()
Mountain Did not have activator set in SpellAbilityRestriction.canPlay()
Mountain Did not have activator set in SpellAbilityRestriction.canPlay()
Mountain Did not have activator set in SpellAbilityRestriction.canPlay()
Mountain Did not have activator set in SpellAbilityRestriction.canPlay()
Game Outcome: Match Duration 0m : 00s
Game Outcome: Turn 8
Game Outcome: Ai(1)-ST Balance Drop Pod No Discount has won because all opponents have lost
Game Outcome: Ai(2)-Benchmark Red Forge has lost because life total reached 0
Match Result: Ai(1)-ST Balance Drop Pod No Discount: 104 Ai(2)-Benchmark Red Forge: 35 

Game Result: Game 139 ended in 482 ms. Ai(1)-ST Balance Drop Pod No Discount has won!

Mountain Did not have activator set in SpellAbilityRestriction.canPlay()
Mountain Did not have activator set in SpellAbilityRestriction.canPlay()
Goblin Chariot Did not have activator set in SpellAbilityRestriction.canPlay()
Game Outcome: Match Duration 0m : 00s
Game Outcome: Turn 10
Game Outcome: Ai(1)-ST Balance Drop Pod No Discount has won because all opponents have lost
Game Outcome: Ai(2)-Benchmark Red Forge has lost because life total reached 0
Match Result: Ai(1)-ST Balance Drop Pod No Discount: 105 Ai(2)-Benchmark Red Forge: 35 

Game Result: Game 140 ended in 598 ms. Ai(1)-ST Balance Drop Pod No Discount has won!

Raging Goblin Did not have activator set in SpellAbilityRestriction.canPlay()
Lava Axe Did not have activator set in SpellAbilityRestriction.canPlay()
Game Outcome: Match Duration 0m : 00s
Game Outcome: Turn 9
Game Outcome: Ai(1)-ST Balance Drop Pod No Discount has lost because life total reached 0
Game Outcome: Ai(2)-Benchmark Red Forge has won because all opponents have lost
Match Result: Ai(1)-ST Balance Drop Pod No Discount: 105 Ai(2)-Benchmark Red Forge: 36 

Game Result: Game 141 ended in 638 ms. Ai(2)-Benchmark Red Forge has won!

Mountain Did not have activator set in SpellAbilityRestriction.canPlay()
Lava Axe Did not have activator set in SpellAbilityRestriction.canPlay()
Mountain Did not have activator set in SpellAbilityRestriction.canPlay()
Mountain Did not have activator set in SpellAbilityRestriction.canPlay()
Hill Giant Did not have activator set in SpellAbilityRestriction.canPlay()
Game Outcome: Match Duration 0m : 00s
Game Outcome: Turn 10
Game Outcome: Ai(1)-ST Balance Drop Pod No Discount has won because all opponents have lost
Game Outcome: Ai(2)-Benchmark Red Forge has lost because life total reached 0
Match Result: Ai(1)-ST Balance Drop Pod No Discount: 106 Ai(2)-Benchmark Red Forge: 36 

Game Result: Game 142 ended in 757 ms. Ai(1)-ST Balance Drop Pod No Discount has won!

Mountain Did not have activator set in SpellAbilityRestriction.canPlay()
Mountain Did not have activator set in SpellAbilityRestriction.canPlay()
Mountain Did not have activator set in SpellAbilityRestriction.canPlay()
Game Outcome: Match Duration 0m : 00s
Game Outcome: Turn 7
Game Outcome: Ai(1)-ST Balance Drop Pod No Discount has lost because life total reached 0
Game Outcome: Ai(2)-Benchmark Red Forge has won because all opponents have lost
Match Result: Ai(1)-ST Balance Drop Pod No Discount: 106 Ai(2)-Benchmark Red Forge: 37 

Game Result: Game 143 ended in 486 ms. Ai(2)-Benchmark Red Forge has won!

Mountain Did not have activator set in SpellAbilityRestriction.canPlay()
Mountain Did not have activator set in SpellAbilityRestriction.canPlay()
Game Outcome: Match Duration 0m : 00s
Game Outcome: Turn 9
Game Outcome: Ai(1)-ST Balance Drop Pod No Discount has won because all opponents have lost
Game Outcome: Ai(2)-Benchmark Red Forge has lost because life total reached 0
Match Result: Ai(1)-ST Balance Drop Pod No Discount: 107 Ai(2)-Benchmark Red Forge: 37 

Game Result: Game 144 ended in 584 ms. Ai(1)-ST Balance Drop Pod No Discount has won!

Lightning Elemental Did not have activator set in SpellAbilityRestriction.canPlay()
Hill Giant Did not have activator set in SpellAbilityRestriction.canPlay()
Game Outcome: Match Duration 0m : 00s
Game Outcome: Turn 10
Game Outcome: Ai(1)-ST Balance Drop Pod No Discount has won because all opponents have lost
Game Outcome: Ai(2)-Benchmark Red Forge has lost because life total reached 0
Match Result: Ai(1)-ST Balance Drop Pod No Discount: 108 Ai(2)-Benchmark Red Forge: 37 

Game Result: Game 145 ended in 703 ms. Ai(1)-ST Balance Drop Pod No Discount has won!

Lightning Strike Did not have activator set in SpellAbilityRestriction.canPlay()
Mountain Did not have activator set in SpellAbilityRestriction.canPlay()
Mountain Did not have activator set in SpellAbilityRestriction.canPlay()
Volcanic Hammer Did not have activator set in SpellAbilityRestriction.canPlay()
Game Outcome: Match Duration 0m : 00s
Game Outcome: Turn 8
Game Outcome: Ai(1)-ST Balance Drop Pod No Discount has lost because life total reached 0
Game Outcome: Ai(2)-Benchmark Red Forge has won because all opponents have lost
Match Result: Ai(1)-ST Balance Drop Pod No Discount: 108 Ai(2)-Benchmark Red Forge: 38 

Game Result: Game 146 ended in 432 ms. Ai(2)-Benchmark Red Forge has won!

Mountain Did not have activator set in SpellAbilityRestriction.canPlay()
Mountain Did not have activator set in SpellAbilityRestriction.canPlay()
Game Outcome: Match Duration 0m : 00s
Game Outcome: Turn 6
Game Outcome: Ai(1)-ST Balance Drop Pod No Discount has lost because life total reached 0
Game Outcome: Ai(2)-Benchmark Red Forge has won because all opponents have lost
Match Result: Ai(1)-ST Balance Drop Pod No Discount: 108 Ai(2)-Benchmark Red Forge: 39 

Game Result: Game 147 ended in 370 ms. Ai(2)-Benchmark Red Forge has won!

Mountain Did not have activator set in SpellAbilityRestriction.canPlay()
Goblin Piker Did not have activator set in SpellAbilityRestriction.canPlay()
Mountain Did not have activator set in SpellAbilityRestriction.canPlay()
Game Outcome: Match Duration 0m : 00s
Game Outcome: Turn 11
Game Outcome: Ai(1)-ST Balance Drop Pod No Discount has won because all opponents have lost
Game Outcome: Ai(2)-Benchmark Red Forge has lost because life total reached 0
Match Result: Ai(1)-ST Balance Drop Pod No Discount: 109 Ai(2)-Benchmark Red Forge: 39 

Game Result: Game 148 ended in 654 ms. Ai(1)-ST Balance Drop Pod No Discount has won!

Lightning Strike Did not have activator set in SpellAbilityRestriction.canPlay()
Game Outcome: Match Duration 0m : 00s
Game Outcome: Turn 8
Game Outcome: Ai(1)-ST Balance Drop Pod No Discount has won because all opponents have lost
Game Outcome: Ai(2)-Benchmark Red Forge has lost because life total reached 0
Match Result: Ai(1)-ST Balance Drop Pod No Discount: 110 Ai(2)-Benchmark Red Forge: 39 

Game Result: Game 149 ended in 556 ms. Ai(1)-ST Balance Drop Pod No Discount has won!

Game Outcome: Match Duration 0m : 00s
Game Outcome: Turn 9
Game Outcome: Ai(1)-ST Balance Drop Pod No Discount has won because all opponents have lost
Game Outcome: Ai(2)-Benchmark Red Forge has lost because life total reached 0
Match Result: Ai(1)-ST Balance Drop Pod No Discount: 111 Ai(2)-Benchmark Red Forge: 39 

Game Result: Game 150 ended in 541 ms. Ai(1)-ST Balance Drop Pod No Discount has won!

Mountain Did not have activator set in SpellAbilityRestriction.canPlay()
Shock Did not have activator set in SpellAbilityRestriction.canPlay()
Game Outcome: Match Duration 0m : 00s
Game Outcome: Turn 7
Game Outcome: Ai(1)-ST Balance Drop Pod No Discount has lost because life total reached 0
Game Outcome: Ai(2)-Benchmark Red Forge has won because all opponents have lost
Match Result: Ai(1)-ST Balance Drop Pod No Discount: 111 Ai(2)-Benchmark Red Forge: 40 

Game Result: Game 151 ended in 410 ms. Ai(2)-Benchmark Red Forge has won!

Mountain Did not have activator set in SpellAbilityRestriction.canPlay()
Mountain Did not have activator set in SpellAbilityRestriction.canPlay()
Mountain Did not have activator set in SpellAbilityRestriction.canPlay()
Mountain Did not have activator set in SpellAbilityRestriction.canPlay()
Mountain Did not have activator set in SpellAbilityRestriction.canPlay()
Game Outcome: Match Duration 0m : 00s
Game Outcome: Turn 8
Game Outcome: Ai(1)-ST Balance Drop Pod No Discount has won because all opponents have lost
Game Outcome: Ai(2)-Benchmark Red Forge has lost because life total reached 0
Match Result: Ai(1)-ST Balance Drop Pod No Discount: 112 Ai(2)-Benchmark Red Forge: 40 

Game Result: Game 152 ended in 589 ms. Ai(1)-ST Balance Drop Pod No Discount has won!

Mountain Did not have activator set in SpellAbilityRestriction.canPlay()
Mountain Did not have activator set in SpellAbilityRestriction.canPlay()
Mountain Did not have activator set in SpellAbilityRestriction.canPlay()
Game Outcome: Match Duration 0m : 00s
Game Outcome: Turn 8
Game Outcome: Ai(1)-ST Balance Drop Pod No Discount has won because all opponents have lost
Game Outcome: Ai(2)-Benchmark Red Forge has lost because life total reached 0
Match Result: Ai(1)-ST Balance Drop Pod No Discount: 113 Ai(2)-Benchmark Red Forge: 40 

Game Result: Game 153 ended in 583 ms. Ai(1)-ST Balance Drop Pod No Discount has won!

Mountain Did not have activator set in SpellAbilityRestriction.canPlay()
Mountain Did not have activator set in SpellAbilityRestriction.canPlay()
Mountain Did not have activator set in SpellAbilityRestriction.canPlay()
Game Outcome: Match Duration 0m : 01s
Game Outcome: Turn 13
Game Outcome: Ai(1)-ST Balance Drop Pod No Discount has won because all opponents have lost
Game Outcome: Ai(2)-Benchmark Red Forge has lost because life total reached 0
Match Result: Ai(1)-ST Balance Drop Pod No Discount: 114 Ai(2)-Benchmark Red Forge: 40 

Game Result: Game 154 ended in 1277 ms. Ai(1)-ST Balance Drop Pod No Discount has won!

Game Outcome: Match Duration 0m : 00s
Game Outcome: Turn 10
Game Outcome: Ai(1)-ST Balance Drop Pod No Discount has won because all opponents have lost
Game Outcome: Ai(2)-Benchmark Red Forge has lost because life total reached 0
Match Result: Ai(1)-ST Balance Drop Pod No Discount: 115 Ai(2)-Benchmark Red Forge: 40 

Game Result: Game 155 ended in 813 ms. Ai(1)-ST Balance Drop Pod No Discount has won!

Goblin Piker Did not have activator set in SpellAbilityRestriction.canPlay()
Game Outcome: Match Duration 0m : 00s
Game Outcome: Turn 5
Game Outcome: Ai(1)-ST Balance Drop Pod No Discount has lost because life total reached 0
Game Outcome: Ai(2)-Benchmark Red Forge has won because all opponents have lost
Match Result: Ai(1)-ST Balance Drop Pod No Discount: 115 Ai(2)-Benchmark Red Forge: 41 

Game Result: Game 156 ended in 310 ms. Ai(2)-Benchmark Red Forge has won!

Lava Axe Did not have activator set in SpellAbilityRestriction.canPlay()
Goblin Chariot Did not have activator set in SpellAbilityRestriction.canPlay()
Volcanic Hammer Did not have activator set in SpellAbilityRestriction.canPlay()
Lava Axe Did not have activator set in SpellAbilityRestriction.canPlay()
Game Outcome: Match Duration 0m : 00s
Game Outcome: Turn 9
Game Outcome: Ai(1)-ST Balance Drop Pod No Discount has won because all opponents have lost
Game Outcome: Ai(2)-Benchmark Red Forge has lost because life total reached 0
Match Result: Ai(1)-ST Balance Drop Pod No Discount: 116 Ai(2)-Benchmark Red Forge: 41 

Game Result: Game 157 ended in 848 ms. Ai(1)-ST Balance Drop Pod No Discount has won!

Mountain Did not have activator set in SpellAbilityRestriction.canPlay()
Mountain Did not have activator set in SpellAbilityRestriction.canPlay()
Mountain Did not have activator set in SpellAbilityRestriction.canPlay()
Hill Giant Did not have activator set in SpellAbilityRestriction.canPlay()
Game Outcome: Match Duration 0m : 00s
Game Outcome: Turn 9
Game Outcome: Ai(1)-ST Balance Drop Pod No Discount has won because all opponents have lost
Game Outcome: Ai(2)-Benchmark Red Forge has lost because life total reached 0
Match Result: Ai(1)-ST Balance Drop Pod No Discount: 117 Ai(2)-Benchmark Red Forge: 41 

Game Result: Game 158 ended in 595 ms. Ai(1)-ST Balance Drop Pod No Discount has won!

Lava Axe Did not have activator set in SpellAbilityRestriction.canPlay()
Lava Axe Did not have activator set in SpellAbilityRestriction.canPlay()
Game Outcome: Match Duration 0m : 00s
Game Outcome: Turn 7
Game Outcome: Ai(1)-ST Balance Drop Pod No Discount has won because all opponents have lost
Game Outcome: Ai(2)-Benchmark Red Forge has lost because life total reached 0
Match Result: Ai(1)-ST Balance Drop Pod No Discount: 118 Ai(2)-Benchmark Red Forge: 41 

Game Result: Game 159 ended in 482 ms. Ai(1)-ST Balance Drop Pod No Discount has won!

Shock Did not have activator set in SpellAbilityRestriction.canPlay()
Mountain Did not have activator set in SpellAbilityRestriction.canPlay()
Mountain Did not have activator set in SpellAbilityRestriction.canPlay()
Game Outcome: Match Duration 0m : 00s
Game Outcome: Turn 8
Game Outcome: Ai(1)-ST Balance Drop Pod No Discount has won because all opponents have lost
Game Outcome: Ai(2)-Benchmark Red Forge has lost because life total reached 0
Match Result: Ai(1)-ST Balance Drop Pod No Discount: 119 Ai(2)-Benchmark Red Forge: 41 

Game Result: Game 160 ended in 510 ms. Ai(1)-ST Balance Drop Pod No Discount has won!

Game Outcome: Match Duration 0m : 00s
Game Outcome: Turn 10
Game Outcome: Ai(1)-ST Balance Drop Pod No Discount has won because all opponents have lost
Game Outcome: Ai(2)-Benchmark Red Forge has lost because life total reached 0
Match Result: Ai(1)-ST Balance Drop Pod No Discount: 120 Ai(2)-Benchmark Red Forge: 41 

Game Result: Game 161 ended in 777 ms. Ai(1)-ST Balance Drop Pod No Discount has won!

Mountain Did not have activator set in SpellAbilityRestriction.canPlay()
Hill Giant Did not have activator set in SpellAbilityRestriction.canPlay()
Game Outcome: Match Duration 0m : 00s
Game Outcome: Turn 8
Game Outcome: Ai(1)-ST Balance Drop Pod No Discount has lost because life total reached 0
Game Outcome: Ai(2)-Benchmark Red Forge has won because all opponents have lost
Match Result: Ai(1)-ST Balance Drop Pod No Discount: 120 Ai(2)-Benchmark Red Forge: 42 

Game Result: Game 162 ended in 426 ms. Ai(2)-Benchmark Red Forge has won!

Mountain Did not have activator set in SpellAbilityRestriction.canPlay()
Mountain Did not have activator set in SpellAbilityRestriction.canPlay()
Goblin Chariot Did not have activator set in SpellAbilityRestriction.canPlay()
Mountain Did not have activator set in SpellAbilityRestriction.canPlay()
Raging Goblin Did not have activator set in SpellAbilityRestriction.canPlay()
Game Outcome: Match Duration 0m : 01s
Game Outcome: Turn 16
Game Outcome: Ai(1)-ST Balance Drop Pod No Discount has won because all opponents have lost
Game Outcome: Ai(2)-Benchmark Red Forge has lost because life total reached 0
Match Result: Ai(1)-ST Balance Drop Pod No Discount: 121 Ai(2)-Benchmark Red Forge: 42 

Game Result: Game 163 ended in 1551 ms. Ai(1)-ST Balance Drop Pod No Discount has won!

Shock Did not have activator set in SpellAbilityRestriction.canPlay()
Game Outcome: Match Duration 0m : 00s
Game Outcome: Turn 6
Game Outcome: Ai(1)-ST Balance Drop Pod No Discount has lost because life total reached 0
Game Outcome: Ai(2)-Benchmark Red Forge has won because all opponents have lost
Match Result: Ai(1)-ST Balance Drop Pod No Discount: 121 Ai(2)-Benchmark Red Forge: 43 

Game Result: Game 164 ended in 334 ms. Ai(2)-Benchmark Red Forge has won!

Mountain Did not have activator set in SpellAbilityRestriction.canPlay()
Goblin Chariot Did not have activator set in SpellAbilityRestriction.canPlay()
Mountain Did not have activator set in SpellAbilityRestriction.canPlay()
Mountain Did not have activator set in SpellAbilityRestriction.canPlay()
Game Outcome: Match Duration 0m : 00s
Game Outcome: Turn 8
Game Outcome: Ai(1)-ST Balance Drop Pod No Discount has won because all opponents have lost
Game Outcome: Ai(2)-Benchmark Red Forge has lost because life total reached 0
Match Result: Ai(1)-ST Balance Drop Pod No Discount: 122 Ai(2)-Benchmark Red Forge: 43 

Game Result: Game 165 ended in 649 ms. Ai(1)-ST Balance Drop Pod No Discount has won!

Mountain Did not have activator set in SpellAbilityRestriction.canPlay()
Mountain Did not have activator set in SpellAbilityRestriction.canPlay()
Hill Giant Did not have activator set in SpellAbilityRestriction.canPlay()
Lava Axe Did not have activator set in SpellAbilityRestriction.canPlay()
Game Outcome: Match Duration 0m : 00s
Game Outcome: Turn 9
Game Outcome: Ai(1)-ST Balance Drop Pod No Discount has lost because life total reached 0
Game Outcome: Ai(2)-Benchmark Red Forge has won because all opponents have lost
Match Result: Ai(1)-ST Balance Drop Pod No Discount: 122 Ai(2)-Benchmark Red Forge: 44 

Game Result: Game 166 ended in 617 ms. Ai(2)-Benchmark Red Forge has won!

Lava Axe Did not have activator set in SpellAbilityRestriction.canPlay()
Volcanic Hammer Did not have activator set in SpellAbilityRestriction.canPlay()
Game Outcome: Match Duration 0m : 00s
Game Outcome: Turn 8
Game Outcome: Ai(1)-ST Balance Drop Pod No Discount has lost because life total reached 0
Game Outcome: Ai(2)-Benchmark Red Forge has won because all opponents have lost
Match Result: Ai(1)-ST Balance Drop Pod No Discount: 122 Ai(2)-Benchmark Red Forge: 45 

Game Result: Game 167 ended in 486 ms. Ai(2)-Benchmark Red Forge has won!

Game Outcome: Match Duration 0m : 00s
Game Outcome: Turn 8
Game Outcome: Ai(1)-ST Balance Drop Pod No Discount has won because all opponents have lost
Game Outcome: Ai(2)-Benchmark Red Forge has lost because life total reached 0
Match Result: Ai(1)-ST Balance Drop Pod No Discount: 123 Ai(2)-Benchmark Red Forge: 45 

Game Result: Game 168 ended in 547 ms. Ai(1)-ST Balance Drop Pod No Discount has won!

Volcanic Hammer Did not have activator set in SpellAbilityRestriction.canPlay()
Game Outcome: Match Duration 0m : 00s
Game Outcome: Turn 7
Game Outcome: Ai(1)-ST Balance Drop Pod No Discount has lost because life total reached 0
Game Outcome: Ai(2)-Benchmark Red Forge has won because all opponents have lost
Match Result: Ai(1)-ST Balance Drop Pod No Discount: 123 Ai(2)-Benchmark Red Forge: 46 

Game Result: Game 169 ended in 372 ms. Ai(2)-Benchmark Red Forge has won!

Shock Did not have activator set in SpellAbilityRestriction.canPlay()
Lava Axe Did not have activator set in SpellAbilityRestriction.canPlay()
Hill Giant Did not have activator set in SpellAbilityRestriction.canPlay()
Game Outcome: Match Duration 0m : 00s
Game Outcome: Turn 9
Game Outcome: Ai(1)-ST Balance Drop Pod No Discount has won because all opponents have lost
Game Outcome: Ai(2)-Benchmark Red Forge has lost because life total reached 0
Match Result: Ai(1)-ST Balance Drop Pod No Discount: 124 Ai(2)-Benchmark Red Forge: 46 

Game Result: Game 170 ended in 443 ms. Ai(1)-ST Balance Drop Pod No Discount has won!

Shock Did not have activator set in SpellAbilityRestriction.canPlay()
Lava Axe Did not have activator set in SpellAbilityRestriction.canPlay()
Game Outcome: Match Duration 0m : 00s
Game Outcome: Turn 9
Game Outcome: Ai(1)-ST Balance Drop Pod No Discount has won because all opponents have lost
Game Outcome: Ai(2)-Benchmark Red Forge has lost because life total reached 0
Match Result: Ai(1)-ST Balance Drop Pod No Discount: 125 Ai(2)-Benchmark Red Forge: 46 

Game Result: Game 171 ended in 643 ms. Ai(1)-ST Balance Drop Pod No Discount has won!

Lava Axe Did not have activator set in SpellAbilityRestriction.canPlay()
Game Outcome: Match Duration 0m : 00s
Game Outcome: Turn 9
Game Outcome: Ai(1)-ST Balance Drop Pod No Discount has lost because life total reached 0
Game Outcome: Ai(2)-Benchmark Red Forge has won because all opponents have lost
Match Result: Ai(1)-ST Balance Drop Pod No Discount: 125 Ai(2)-Benchmark Red Forge: 47 

Game Result: Game 172 ended in 603 ms. Ai(2)-Benchmark Red Forge has won!

Lightning Strike Did not have activator set in SpellAbilityRestriction.canPlay()
Volcanic Hammer Did not have activator set in SpellAbilityRestriction.canPlay()
Game Outcome: Match Duration 0m : 00s
Game Outcome: Turn 8
Game Outcome: Ai(1)-ST Balance Drop Pod No Discount has won because all opponents have lost
Game Outcome: Ai(2)-Benchmark Red Forge has lost because life total reached 0
Match Result: Ai(1)-ST Balance Drop Pod No Discount: 126 Ai(2)-Benchmark Red Forge: 47 

Game Result: Game 173 ended in 606 ms. Ai(1)-ST Balance Drop Pod No Discount has won!

Game Outcome: Match Duration 0m : 00s
Game Outcome: Turn 8
Game Outcome: Ai(1)-ST Balance Drop Pod No Discount has won because all opponents have lost
Game Outcome: Ai(2)-Benchmark Red Forge has lost because life total reached 0
Match Result: Ai(1)-ST Balance Drop Pod No Discount: 127 Ai(2)-Benchmark Red Forge: 47 

Game Result: Game 174 ended in 596 ms. Ai(1)-ST Balance Drop Pod No Discount has won!

Mountain Did not have activator set in SpellAbilityRestriction.canPlay()
Mountain Did not have activator set in SpellAbilityRestriction.canPlay()
Game Outcome: Match Duration 0m : 00s
Game Outcome: Turn 10
Game Outcome: Ai(1)-ST Balance Drop Pod No Discount has won because all opponents have lost
Game Outcome: Ai(2)-Benchmark Red Forge has lost because life total reached 0
Match Result: Ai(1)-ST Balance Drop Pod No Discount: 128 Ai(2)-Benchmark Red Forge: 47 

Game Result: Game 175 ended in 897 ms. Ai(1)-ST Balance Drop Pod No Discount has won!

Mountain Did not have activator set in SpellAbilityRestriction.canPlay()
Hill Giant Did not have activator set in SpellAbilityRestriction.canPlay()
Lava Axe Did not have activator set in SpellAbilityRestriction.canPlay()
Game Outcome: Match Duration 0m : 00s
Game Outcome: Turn 9
Game Outcome: Ai(1)-ST Balance Drop Pod No Discount has won because all opponents have lost
Game Outcome: Ai(2)-Benchmark Red Forge has lost because life total reached 0
Match Result: Ai(1)-ST Balance Drop Pod No Discount: 129 Ai(2)-Benchmark Red Forge: 47 

Game Result: Game 176 ended in 604 ms. Ai(1)-ST Balance Drop Pod No Discount has won!

Game Outcome: Match Duration 0m : 00s
Game Outcome: Turn 10
Game Outcome: Ai(1)-ST Balance Drop Pod No Discount has lost because life total reached 0
Game Outcome: Ai(2)-Benchmark Red Forge has won because all opponents have lost
Match Result: Ai(1)-ST Balance Drop Pod No Discount: 129 Ai(2)-Benchmark Red Forge: 48 

Game Result: Game 177 ended in 627 ms. Ai(2)-Benchmark Red Forge has won!

Game Outcome: Match Duration 0m : 00s
Game Outcome: Turn 9
Game Outcome: Ai(1)-ST Balance Drop Pod No Discount has won because all opponents have lost
Game Outcome: Ai(2)-Benchmark Red Forge has lost because life total reached 0
Match Result: Ai(1)-ST Balance Drop Pod No Discount: 130 Ai(2)-Benchmark Red Forge: 48 

Game Result: Game 178 ended in 556 ms. Ai(1)-ST Balance Drop Pod No Discount has won!

Mountain Did not have activator set in SpellAbilityRestriction.canPlay()
Lightning Strike Did not have activator set in SpellAbilityRestriction.canPlay()
Game Outcome: Match Duration 0m : 00s
Game Outcome: Turn 7
Game Outcome: Ai(1)-ST Balance Drop Pod No Discount has won because all opponents have lost
Game Outcome: Ai(2)-Benchmark Red Forge has lost because life total reached 0
Match Result: Ai(1)-ST Balance Drop Pod No Discount: 131 Ai(2)-Benchmark Red Forge: 48 

Game Result: Game 179 ended in 679 ms. Ai(1)-ST Balance Drop Pod No Discount has won!

Mountain Did not have activator set in SpellAbilityRestriction.canPlay()
Lava Axe Did not have activator set in SpellAbilityRestriction.canPlay()
Game Outcome: Match Duration 0m : 00s
Game Outcome: Turn 9
Game Outcome: Ai(1)-ST Balance Drop Pod No Discount has lost because life total reached 0
Game Outcome: Ai(2)-Benchmark Red Forge has won because all opponents have lost
Match Result: Ai(1)-ST Balance Drop Pod No Discount: 131 Ai(2)-Benchmark Red Forge: 49 

Game Result: Game 180 ended in 496 ms. Ai(2)-Benchmark Red Forge has won!

Game Outcome: Match Duration 0m : 01s
Game Outcome: Turn 15
Game Outcome: Ai(1)-ST Balance Drop Pod No Discount has won because all opponents have lost
Game Outcome: Ai(2)-Benchmark Red Forge has lost because life total reached 0
Match Result: Ai(1)-ST Balance Drop Pod No Discount: 132 Ai(2)-Benchmark Red Forge: 49 

Game Result: Game 181 ended in 1788 ms. Ai(1)-ST Balance Drop Pod No Discount has won!

Game Outcome: Match Duration 0m : 00s
Game Outcome: Turn 6
Game Outcome: Ai(1)-ST Balance Drop Pod No Discount has lost because life total reached 0
Game Outcome: Ai(2)-Benchmark Red Forge has won because all opponents have lost
Match Result: Ai(1)-ST Balance Drop Pod No Discount: 132 Ai(2)-Benchmark Red Forge: 50 

Game Result: Game 182 ended in 349 ms. Ai(2)-Benchmark Red Forge has won!

Mountain Did not have activator set in SpellAbilityRestriction.canPlay()
Mountain Did not have activator set in SpellAbilityRestriction.canPlay()
Goblin Chariot Did not have activator set in SpellAbilityRestriction.canPlay()
Game Outcome: Match Duration 0m : 00s
Game Outcome: Turn 12
Game Outcome: Ai(1)-ST Balance Drop Pod No Discount has won because all opponents have lost
Game Outcome: Ai(2)-Benchmark Red Forge has lost because life total reached 0
Match Result: Ai(1)-ST Balance Drop Pod No Discount: 133 Ai(2)-Benchmark Red Forge: 50 

Game Result: Game 183 ended in 788 ms. Ai(1)-ST Balance Drop Pod No Discount has won!

Hill Giant Did not have activator set in SpellAbilityRestriction.canPlay()
Mountain Did not have activator set in SpellAbilityRestriction.canPlay()
Goblin Piker Did not have activator set in SpellAbilityRestriction.canPlay()
Game Outcome: Match Duration 0m : 00s
Game Outcome: Turn 10
Game Outcome: Ai(1)-ST Balance Drop Pod No Discount has won because all opponents have lost
Game Outcome: Ai(2)-Benchmark Red Forge has lost because life total reached 0
Match Result: Ai(1)-ST Balance Drop Pod No Discount: 134 Ai(2)-Benchmark Red Forge: 50 

Game Result: Game 184 ended in 497 ms. Ai(1)-ST Balance Drop Pod No Discount has won!

Mountain Did not have activator set in SpellAbilityRestriction.canPlay()
Mountain Did not have activator set in SpellAbilityRestriction.canPlay()
Mountain Did not have activator set in SpellAbilityRestriction.canPlay()
Mountain Did not have activator set in SpellAbilityRestriction.canPlay()
Mountain Did not have activator set in SpellAbilityRestriction.canPlay()
Mountain Did not have activator set in SpellAbilityRestriction.canPlay()
Game Outcome: Match Duration 0m : 00s
Game Outcome: Turn 8
Game Outcome: Ai(1)-ST Balance Drop Pod No Discount has won because all opponents have lost
Game Outcome: Ai(2)-Benchmark Red Forge has lost because life total reached 0
Match Result: Ai(1)-ST Balance Drop Pod No Discount: 135 Ai(2)-Benchmark Red Forge: 50 

Game Result: Game 185 ended in 424 ms. Ai(1)-ST Balance Drop Pod No Discount has won!

Mountain Did not have activator set in SpellAbilityRestriction.canPlay()
Mountain Did not have activator set in SpellAbilityRestriction.canPlay()
Mountain Did not have activator set in SpellAbilityRestriction.canPlay()
Game Outcome: Match Duration 0m : 01s
Game Outcome: Turn 12
Game Outcome: Ai(1)-ST Balance Drop Pod No Discount has won because all opponents have lost
Game Outcome: Ai(2)-Benchmark Red Forge has lost because life total reached 0
Match Result: Ai(1)-ST Balance Drop Pod No Discount: 136 Ai(2)-Benchmark Red Forge: 50 

Game Result: Game 186 ended in 1631 ms. Ai(1)-ST Balance Drop Pod No Discount has won!

Mountain Did not have activator set in SpellAbilityRestriction.canPlay()
Game Outcome: Match Duration 0m : 00s
Game Outcome: Turn 9
Game Outcome: Ai(1)-ST Balance Drop Pod No Discount has won because all opponents have lost
Game Outcome: Ai(2)-Benchmark Red Forge has lost because life total reached 0
Match Result: Ai(1)-ST Balance Drop Pod No Discount: 137 Ai(2)-Benchmark Red Forge: 50 

Game Result: Game 187 ended in 571 ms. Ai(1)-ST Balance Drop Pod No Discount has won!

Game Outcome: Match Duration 0m : 00s
Game Outcome: Turn 12
Game Outcome: Ai(1)-ST Balance Drop Pod No Discount has won because all opponents have lost
Game Outcome: Ai(2)-Benchmark Red Forge has lost because life total reached 0
Match Result: Ai(1)-ST Balance Drop Pod No Discount: 138 Ai(2)-Benchmark Red Forge: 50 

Game Result: Game 188 ended in 978 ms. Ai(1)-ST Balance Drop Pod No Discount has won!

Game Outcome: Match Duration 0m : 00s
Game Outcome: Turn 7
Game Outcome: Ai(1)-ST Balance Drop Pod No Discount has lost because life total reached 0
Game Outcome: Ai(2)-Benchmark Red Forge has won because all opponents have lost
Match Result: Ai(1)-ST Balance Drop Pod No Discount: 138 Ai(2)-Benchmark Red Forge: 51 

Game Result: Game 189 ended in 397 ms. Ai(2)-Benchmark Red Forge has won!

Game Outcome: Match Duration 0m : 00s
Game Outcome: Turn 10
Game Outcome: Ai(1)-ST Balance Drop Pod No Discount has won because all opponents have lost
Game Outcome: Ai(2)-Benchmark Red Forge has lost because life total reached 0
Match Result: Ai(1)-ST Balance Drop Pod No Discount: 139 Ai(2)-Benchmark Red Forge: 51 

Game Result: Game 190 ended in 681 ms. Ai(1)-ST Balance Drop Pod No Discount has won!

Mountain Did not have activator set in SpellAbilityRestriction.canPlay()
Mountain Did not have activator set in SpellAbilityRestriction.canPlay()
Mountain Did not have activator set in SpellAbilityRestriction.canPlay()
Game Outcome: Match Duration 0m : 00s
Game Outcome: Turn 5
Game Outcome: Ai(1)-ST Balance Drop Pod No Discount has lost because life total reached 0
Game Outcome: Ai(2)-Benchmark Red Forge has won because all opponents have lost
Match Result: Ai(1)-ST Balance Drop Pod No Discount: 139 Ai(2)-Benchmark Red Forge: 52 

Game Result: Game 191 ended in 302 ms. Ai(2)-Benchmark Red Forge has won!

Mountain Did not have activator set in SpellAbilityRestriction.canPlay()
Mountain Did not have activator set in SpellAbilityRestriction.canPlay()
Volcanic Hammer Did not have activator set in SpellAbilityRestriction.canPlay()
Game Outcome: Match Duration 0m : 00s
Game Outcome: Turn 8
Game Outcome: Ai(1)-ST Balance Drop Pod No Discount has won because all opponents have lost
Game Outcome: Ai(2)-Benchmark Red Forge has lost because life total reached 0
Match Result: Ai(1)-ST Balance Drop Pod No Discount: 140 Ai(2)-Benchmark Red Forge: 52 

Game Result: Game 192 ended in 472 ms. Ai(1)-ST Balance Drop Pod No Discount has won!

Mountain Did not have activator set in SpellAbilityRestriction.canPlay()
Hill Giant Did not have activator set in SpellAbilityRestriction.canPlay()
Game Outcome: Match Duration 0m : 00s
Game Outcome: Turn 9
Game Outcome: Ai(1)-ST Balance Drop Pod No Discount has won because all opponents have lost
Game Outcome: Ai(2)-Benchmark Red Forge has lost because life total reached 0
Match Result: Ai(1)-ST Balance Drop Pod No Discount: 141 Ai(2)-Benchmark Red Forge: 52 

Game Result: Game 193 ended in 571 ms. Ai(1)-ST Balance Drop Pod No Discount has won!

Mountain Did not have activator set in SpellAbilityRestriction.canPlay()
Mountain Did not have activator set in SpellAbilityRestriction.canPlay()
Game Outcome: Match Duration 0m : 02s
Game Outcome: Turn 15
Game Outcome: Ai(1)-ST Balance Drop Pod No Discount has lost because life total reached 0
Game Outcome: Ai(2)-Benchmark Red Forge has won because all opponents have lost
Match Result: Ai(1)-ST Balance Drop Pod No Discount: 141 Ai(2)-Benchmark Red Forge: 53 

Game Result: Game 194 ended in 2575 ms. Ai(2)-Benchmark Red Forge has won!

Hill Giant Did not have activator set in SpellAbilityRestriction.canPlay()
Game Outcome: Match Duration 0m : 00s
Game Outcome: Turn 8
Game Outcome: Ai(1)-ST Balance Drop Pod No Discount has won because all opponents have lost
Game Outcome: Ai(2)-Benchmark Red Forge has lost because life total reached 0
Match Result: Ai(1)-ST Balance Drop Pod No Discount: 142 Ai(2)-Benchmark Red Forge: 53 

Game Result: Game 195 ended in 909 ms. Ai(1)-ST Balance Drop Pod No Discount has won!

Lava Axe Did not have activator set in SpellAbilityRestriction.canPlay()
Game Outcome: Match Duration 0m : 00s
Game Outcome: Turn 7
Game Outcome: Ai(1)-ST Balance Drop Pod No Discount has lost because life total reached 0
Game Outcome: Ai(2)-Benchmark Red Forge has won because all opponents have lost
Match Result: Ai(1)-ST Balance Drop Pod No Discount: 142 Ai(2)-Benchmark Red Forge: 54 

Game Result: Game 196 ended in 465 ms. Ai(2)-Benchmark Red Forge has won!

Hill Giant Did not have activator set in SpellAbilityRestriction.canPlay()
Game Outcome: Match Duration 0m : 00s
Game Outcome: Turn 9
Game Outcome: Ai(1)-ST Balance Drop Pod No Discount has won because all opponents have lost
Game Outcome: Ai(2)-Benchmark Red Forge has lost because life total reached 0
Match Result: Ai(1)-ST Balance Drop Pod No Discount: 143 Ai(2)-Benchmark Red Forge: 54 

Game Result: Game 197 ended in 538 ms. Ai(1)-ST Balance Drop Pod No Discount has won!

Mountain Did not have activator set in SpellAbilityRestriction.canPlay()
Mountain Did not have activator set in SpellAbilityRestriction.canPlay()
Mountain Did not have activator set in SpellAbilityRestriction.canPlay()
Mountain Did not have activator set in SpellAbilityRestriction.canPlay()
Game Outcome: Match Duration 0m : 00s
Game Outcome: Turn 6
Game Outcome: Ai(1)-ST Balance Drop Pod No Discount has lost because life total reached 0
Game Outcome: Ai(2)-Benchmark Red Forge has won because all opponents have lost
Match Result: Ai(1)-ST Balance Drop Pod No Discount: 143 Ai(2)-Benchmark Red Forge: 55 

Game Result: Game 198 ended in 330 ms. Ai(2)-Benchmark Red Forge has won!

Mountain Did not have activator set in SpellAbilityRestriction.canPlay()
Lava Axe Did not have activator set in SpellAbilityRestriction.canPlay()
Mountain Did not have activator set in SpellAbilityRestriction.canPlay()
Mountain Did not have activator set in SpellAbilityRestriction.canPlay()
Mountain Did not have activator set in SpellAbilityRestriction.canPlay()
Game Outcome: Match Duration 0m : 00s
Game Outcome: Turn 7
Game Outcome: Ai(1)-ST Balance Drop Pod No Discount has lost because life total reached 0
Game Outcome: Ai(2)-Benchmark Red Forge has won because all opponents have lost
Match Result: Ai(1)-ST Balance Drop Pod No Discount: 143 Ai(2)-Benchmark Red Forge: 56 

Game Result: Game 199 ended in 355 ms. Ai(2)-Benchmark Red Forge has won!

Mountain Did not have activator set in SpellAbilityRestriction.canPlay()
Mountain Did not have activator set in SpellAbilityRestriction.canPlay()
Mountain Did not have activator set in SpellAbilityRestriction.canPlay()
Lightning Strike Did not have activator set in SpellAbilityRestriction.canPlay()
Volcanic Hammer Did not have activator set in SpellAbilityRestriction.canPlay()
Game Outcome: Match Duration 0m : 00s
Game Outcome: Turn 10
Game Outcome: Ai(1)-ST Balance Drop Pod No Discount has won because all opponents have lost
Game Outcome: Ai(2)-Benchmark Red Forge has lost because life total reached 0
Match Result: Ai(1)-ST Balance Drop Pod No Discount: 144 Ai(2)-Benchmark Red Forge: 56 

Game Result: Game 200 ended in 563 ms. Ai(1)-ST Balance Drop Pod No Discount has won!

