Error handling registered!
02:00:37 [INFO ] GuiBase: ##########################################
02:00:37 [INFO ] GuiBase: APP: Forge v.2.0.15-SNAPSHOT-09.28
02:00:37 [INFO ] GuiBase: Java: 21.0.12.1 (Eclipse Adoptium)
02:00:37 [INFO ] GuiBase: OS: Linux 6.17.0-1022-azure amd64
02:00:37 [INFO ] GuiBase: RAM: 2048 MB max, 4 CPUs
02:00:37 [INFO ] GuiBase: ##########################################
Language 'en-US' loaded successfully.
(ThreadUtil first call): Running with priority 5
Read cards: 34010 archived files in 0 ms (25 parts) using thread pool
Read cards: 14 files in 0 ms (1 parts) using thread pool
Upcoming set Star Trek (TRK) dated in the future. All `upcoming` cards will be added to this set with unknown rarity.
The card A-Alrund's Epiphany was not assigned to any set. Adding it to UNKNOWN set... to fix see res/editions/ folder. 
The card A-Baba Lysaga, Night Witch was not assigned to any set. Adding it to UNKNOWN set... to fix see res/editions/ folder. 
The card A-Divide by Zero was not assigned to any set. Adding it to UNKNOWN set... to fix see res/editions/ folder. 
The card A-Esika's Chariot was not assigned to any set. Adding it to UNKNOWN set... to fix see res/editions/ folder. 
The card A-Faceless Haven was not assigned to any set. Adding it to UNKNOWN set... to fix see res/editions/ folder. 
The card A-Fires of Invention was not assigned to any set. Adding it to UNKNOWN set... to fix see res/editions/ folder. 
The card A-Goldspan Dragon was not assigned to any set. Adding it to UNKNOWN set... to fix see res/editions/ folder. 
The card A-Hullbreaker Horror was not assigned to any set. Adding it to UNKNOWN set... to fix see res/editions/ folder. 
The card A-Kumano Faces Kakkazan was not assigned to any set. Adding it to UNKNOWN set... to fix see res/editions/ folder. 
The card A-Luminarch Aspirant was not assigned to any set. Adding it to UNKNOWN set... to fix see res/editions/ folder. 
The card A-Monster Manual was not assigned to any set. Adding it to UNKNOWN set... to fix see res/editions/ folder. 
The card A-Omnath, Locus of Creation was not assigned to any set. Adding it to UNKNOWN set... to fix see res/editions/ folder. 
The card A-The Meathook Massacre was not assigned to any set. Adding it to UNKNOWN set... to fix see res/editions/ folder. 
The card A-Unholy Heat was not assigned to any set. Adding it to UNKNOWN set... to fix see res/editions/ folder. 
The card Blinding Radiance was not assigned to any set. Adding it to UNKNOWN set... to fix see res/editions/ folder. 
The card Goblin Bruiser was not assigned to any set. Adding it to UNKNOWN set... to fix see res/editions/ folder. 
The card Ogre Painbringer was not assigned to any set. Adding it to UNKNOWN set... to fix see res/editions/ folder. 
The card Titanic Pelagosaur was not assigned to any set. Adding it to UNKNOWN set... to fix see res/editions/ folder. 
The card Treetop Recluse was not assigned to any set. Adding it to UNKNOWN set... to fix see res/editions/ folder. 
Upcoming set Star Trek (TRK) dated in the future. All `upcoming` cards will be added to this set with unknown rarity.
Read cards: 854 files in 0 ms (8 parts) using thread pool
Simulation mode
Ai(1)-ST Balance Drop Pod No Ping vs Ai(2)-Benchmark Red Forge - 200 games of Constructed seed 20261004
Goblin Piker Did not have activator set in SpellAbilityRestriction.canPlay()
Game Outcome: Match Duration 0m : 03s
Game Outcome: Turn 12
Game Outcome: Ai(1)-ST Balance Drop Pod No Ping has won because all opponents have lost
Game Outcome: Ai(2)-Benchmark Red Forge has lost because life total reached 0
Match Result: Ai(1)-ST Balance Drop Pod No Ping: 1 Ai(2)-Benchmark Red Forge: 0 

Game Result: Game 1 ended in 3896 ms. Ai(1)-ST Balance Drop Pod No Ping has won!

Mountain Did not have activator set in SpellAbilityRestriction.canPlay()
Mountain Did not have activator set in SpellAbilityRestriction.canPlay()
Mountain Did not have activator set in SpellAbilityRestriction.canPlay()
Volcanic Hammer Did not have activator set in SpellAbilityRestriction.canPlay()
Game Outcome: Match Duration 0m : 00s
Game Outcome: Turn 7
Game Outcome: Ai(1)-ST Balance Drop Pod No Ping has lost because life total reached 0
Game Outcome: Ai(2)-Benchmark Red Forge has won because all opponents have lost
Match Result: Ai(1)-ST Balance Drop Pod No Ping: 1 Ai(2)-Benchmark Red Forge: 1 

Game Result: Game 2 ended in 1039 ms. Ai(2)-Benchmark Red Forge has won!

Mountain Did not have activator set in SpellAbilityRestriction.canPlay()
Mountain Did not have activator set in SpellAbilityRestriction.canPlay()
Lightning Strike Did not have activator set in SpellAbilityRestriction.canPlay()
Hill Giant Did not have activator set in SpellAbilityRestriction.canPlay()
Hill Giant Did not have activator set in SpellAbilityRestriction.canPlay()
Game Outcome: Match Duration 0m : 00s
Game Outcome: Turn 6
Game Outcome: Ai(1)-ST Balance Drop Pod No Ping has lost because life total reached 0
Game Outcome: Ai(2)-Benchmark Red Forge has won because all opponents have lost
Match Result: Ai(1)-ST Balance Drop Pod No Ping: 1 Ai(2)-Benchmark Red Forge: 2 

Game Result: Game 3 ended in 583 ms. Ai(2)-Benchmark Red Forge has won!

Mountain Did not have activator set in SpellAbilityRestriction.canPlay()
Mountain Did not have activator set in SpellAbilityRestriction.canPlay()
Game Outcome: Match Duration 0m : 00s
Game Outcome: Turn 11
Game Outcome: Ai(1)-ST Balance Drop Pod No Ping has won because all opponents have lost
Game Outcome: Ai(2)-Benchmark Red Forge has lost because life total reached 0
Match Result: Ai(1)-ST Balance Drop Pod No Ping: 2 Ai(2)-Benchmark Red Forge: 2 

Game Result: Game 4 ended in 964 ms. Ai(1)-ST Balance Drop Pod No Ping has won!

Volcanic Hammer Did not have activator set in SpellAbilityRestriction.canPlay()
Game Outcome: Match Duration 0m : 00s
Game Outcome: Turn 7
Game Outcome: Ai(1)-ST Balance Drop Pod No Ping has won because all opponents have lost
Game Outcome: Ai(2)-Benchmark Red Forge has lost because life total reached 0
Match Result: Ai(1)-ST Balance Drop Pod No Ping: 3 Ai(2)-Benchmark Red Forge: 2 

Game Result: Game 5 ended in 691 ms. Ai(1)-ST Balance Drop Pod No Ping has won!

Volcanic Hammer Did not have activator set in SpellAbilityRestriction.canPlay()
Game Outcome: Match Duration 0m : 00s
Game Outcome: Turn 6
Game Outcome: Ai(1)-ST Balance Drop Pod No Ping has lost because life total reached 0
Game Outcome: Ai(2)-Benchmark Red Forge has won because all opponents have lost
Match Result: Ai(1)-ST Balance Drop Pod No Ping: 3 Ai(2)-Benchmark Red Forge: 3 

Game Result: Game 6 ended in 778 ms. Ai(2)-Benchmark Red Forge has won!

Goblin Piker Did not have activator set in SpellAbilityRestriction.canPlay()
Mountain Did not have activator set in SpellAbilityRestriction.canPlay()
Mountain Did not have activator set in SpellAbilityRestriction.canPlay()
Mountain Did not have activator set in SpellAbilityRestriction.canPlay()
Game Outcome: Match Duration 0m : 01s
Game Outcome: Turn 12
Game Outcome: Ai(1)-ST Balance Drop Pod No Ping has won because all opponents have lost
Game Outcome: Ai(2)-Benchmark Red Forge has lost because life total reached 0
Match Result: Ai(1)-ST Balance Drop Pod No Ping: 4 Ai(2)-Benchmark Red Forge: 3 

Game Result: Game 7 ended in 1325 ms. Ai(1)-ST Balance Drop Pod No Ping has won!

Lava Axe Did not have activator set in SpellAbilityRestriction.canPlay()
Mountain Did not have activator set in SpellAbilityRestriction.canPlay()
Goblin Chariot Did not have activator set in SpellAbilityRestriction.canPlay()
Game Outcome: Match Duration 0m : 00s
Game Outcome: Turn 9
Game Outcome: Ai(1)-ST Balance Drop Pod No Ping has won because all opponents have lost
Game Outcome: Ai(2)-Benchmark Red Forge has lost because life total reached 0
Match Result: Ai(1)-ST Balance Drop Pod No Ping: 5 Ai(2)-Benchmark Red Forge: 3 

Game Result: Game 8 ended in 876 ms. Ai(1)-ST Balance Drop Pod No Ping has won!

Mountain Did not have activator set in SpellAbilityRestriction.canPlay()
Game Outcome: Match Duration 0m : 00s
Game Outcome: Turn 11
Game Outcome: Ai(1)-ST Balance Drop Pod No Ping has won because all opponents have lost
Game Outcome: Ai(2)-Benchmark Red Forge has lost because life total reached 0
Match Result: Ai(1)-ST Balance Drop Pod No Ping: 6 Ai(2)-Benchmark Red Forge: 3 

Game Result: Game 9 ended in 858 ms. Ai(1)-ST Balance Drop Pod No Ping has won!

Mountain Did not have activator set in SpellAbilityRestriction.canPlay()
Hill Giant Did not have activator set in SpellAbilityRestriction.canPlay()
Game Outcome: Match Duration 0m : 00s
Game Outcome: Turn 9
Game Outcome: Ai(1)-ST Balance Drop Pod No Ping has won because all opponents have lost
Game Outcome: Ai(2)-Benchmark Red Forge has lost because life total reached 0
Match Result: Ai(1)-ST Balance Drop Pod No Ping: 7 Ai(2)-Benchmark Red Forge: 3 

Game Result: Game 10 ended in 672 ms. Ai(1)-ST Balance Drop Pod No Ping has won!

Lightning Strike Did not have activator set in SpellAbilityRestriction.canPlay()
Volcanic Hammer Did not have activator set in SpellAbilityRestriction.canPlay()
Shock Did not have activator set in SpellAbilityRestriction.canPlay()
Hill Giant Did not have activator set in SpellAbilityRestriction.canPlay()
Game Outcome: Match Duration 0m : 00s
Game Outcome: Turn 11
Game Outcome: Ai(1)-ST Balance Drop Pod No Ping has won because all opponents have lost
Game Outcome: Ai(2)-Benchmark Red Forge has lost because life total reached 0
Match Result: Ai(1)-ST Balance Drop Pod No Ping: 8 Ai(2)-Benchmark Red Forge: 3 

Game Result: Game 11 ended in 819 ms. Ai(1)-ST Balance Drop Pod No Ping has won!

Goblin Chariot Did not have activator set in SpellAbilityRestriction.canPlay()
Raging Goblin Did not have activator set in SpellAbilityRestriction.canPlay()
Game Outcome: Match Duration 0m : 00s
Game Outcome: Turn 6
Game Outcome: Ai(1)-ST Balance Drop Pod No Ping has lost because life total reached 0
Game Outcome: Ai(2)-Benchmark Red Forge has won because all opponents have lost
Match Result: Ai(1)-ST Balance Drop Pod No Ping: 8 Ai(2)-Benchmark Red Forge: 4 

Game Result: Game 12 ended in 396 ms. Ai(2)-Benchmark Red Forge has won!

Mountain Did not have activator set in SpellAbilityRestriction.canPlay()
Mountain Did not have activator set in SpellAbilityRestriction.canPlay()
Raging Goblin Did not have activator set in SpellAbilityRestriction.canPlay()
Mountain Did not have activator set in SpellAbilityRestriction.canPlay()
Mountain Did not have activator set in SpellAbilityRestriction.canPlay()
Mountain Did not have activator set in SpellAbilityRestriction.canPlay()
Game Outcome: Match Duration 0m : 00s
Game Outcome: Turn 9
Game Outcome: Ai(1)-ST Balance Drop Pod No Ping has won because all opponents have lost
Game Outcome: Ai(2)-Benchmark Red Forge has lost because life total reached 0
Match Result: Ai(1)-ST Balance Drop Pod No Ping: 9 Ai(2)-Benchmark Red Forge: 4 

Game Result: Game 13 ended in 708 ms. Ai(1)-ST Balance Drop Pod No Ping has won!

Mountain Did not have activator set in SpellAbilityRestriction.canPlay()
Mountain Did not have activator set in SpellAbilityRestriction.canPlay()
Mountain Did not have activator set in SpellAbilityRestriction.canPlay()
Game Outcome: Match Duration 0m : 00s
Game Outcome: Turn 11
Game Outcome: Ai(1)-ST Balance Drop Pod No Ping has won because all opponents have lost
Game Outcome: Ai(2)-Benchmark Red Forge has lost because life total reached 0
Match Result: Ai(1)-ST Balance Drop Pod No Ping: 10 Ai(2)-Benchmark Red Forge: 4 

Game Result: Game 14 ended in 649 ms. Ai(1)-ST Balance Drop Pod No Ping has won!

Goblin Chariot Did not have activator set in SpellAbilityRestriction.canPlay()
Game Outcome: Match Duration 0m : 00s
Game Outcome: Turn 8
Game Outcome: Ai(1)-ST Balance Drop Pod No Ping has won because all opponents have lost
Game Outcome: Ai(2)-Benchmark Red Forge has lost because life total reached 0
Match Result: Ai(1)-ST Balance Drop Pod No Ping: 11 Ai(2)-Benchmark Red Forge: 4 

Game Result: Game 15 ended in 672 ms. Ai(1)-ST Balance Drop Pod No Ping has won!

Mountain Did not have activator set in SpellAbilityRestriction.canPlay()
Mountain Did not have activator set in SpellAbilityRestriction.canPlay()
Shock Did not have activator set in SpellAbilityRestriction.canPlay()
Game Outcome: Match Duration 0m : 00s
Game Outcome: Turn 8
Game Outcome: Ai(1)-ST Balance Drop Pod No Ping has lost because life total reached 0
Game Outcome: Ai(2)-Benchmark Red Forge has won because all opponents have lost
Match Result: Ai(1)-ST Balance Drop Pod No Ping: 11 Ai(2)-Benchmark Red Forge: 5 

Game Result: Game 16 ended in 536 ms. Ai(2)-Benchmark Red Forge has won!

Mountain Did not have activator set in SpellAbilityRestriction.canPlay()
Mountain Did not have activator set in SpellAbilityRestriction.canPlay()
Lava Axe Did not have activator set in SpellAbilityRestriction.canPlay()
Game Outcome: Match Duration 0m : 00s
Game Outcome: Turn 8
Game Outcome: Ai(1)-ST Balance Drop Pod No Ping has lost because life total reached 0
Game Outcome: Ai(2)-Benchmark Red Forge has won because all opponents have lost
Match Result: Ai(1)-ST Balance Drop Pod No Ping: 11 Ai(2)-Benchmark Red Forge: 6 

Game Result: Game 17 ended in 541 ms. Ai(2)-Benchmark Red Forge has won!

Mountain Did not have activator set in SpellAbilityRestriction.canPlay()
Shock Did not have activator set in SpellAbilityRestriction.canPlay()
Mountain Did not have activator set in SpellAbilityRestriction.canPlay()
Mountain Did not have activator set in SpellAbilityRestriction.canPlay()
Mountain Did not have activator set in SpellAbilityRestriction.canPlay()
Game Outcome: Match Duration 0m : 00s
Game Outcome: Turn 8
Game Outcome: Ai(1)-ST Balance Drop Pod No Ping has won because all opponents have lost
Game Outcome: Ai(2)-Benchmark Red Forge has lost because life total reached 0
Match Result: Ai(1)-ST Balance Drop Pod No Ping: 12 Ai(2)-Benchmark Red Forge: 6 

Game Result: Game 18 ended in 510 ms. Ai(1)-ST Balance Drop Pod No Ping has won!

Mountain Did not have activator set in SpellAbilityRestriction.canPlay()
Lightning Strike Did not have activator set in SpellAbilityRestriction.canPlay()
Hill Giant Did not have activator set in SpellAbilityRestriction.canPlay()
Game Outcome: Match Duration 0m : 00s
Game Outcome: Turn 7
Game Outcome: Ai(1)-ST Balance Drop Pod No Ping has won because all opponents have lost
Game Outcome: Ai(2)-Benchmark Red Forge has lost because life total reached 0
Match Result: Ai(1)-ST Balance Drop Pod No Ping: 13 Ai(2)-Benchmark Red Forge: 6 

Game Result: Game 19 ended in 599 ms. Ai(1)-ST Balance Drop Pod No Ping has won!

Lightning Strike Did not have activator set in SpellAbilityRestriction.canPlay()
Shock Did not have activator set in SpellAbilityRestriction.canPlay()
Hill Giant Did not have activator set in SpellAbilityRestriction.canPlay()
Game Outcome: Match Duration 0m : 00s
Game Outcome: Turn 9
Game Outcome: Ai(1)-ST Balance Drop Pod No Ping has lost because life total reached 0
Game Outcome: Ai(2)-Benchmark Red Forge has won because all opponents have lost
Match Result: Ai(1)-ST Balance Drop Pod No Ping: 13 Ai(2)-Benchmark Red Forge: 7 

Game Result: Game 20 ended in 607 ms. Ai(2)-Benchmark Red Forge has won!

Mountain Did not have activator set in SpellAbilityRestriction.canPlay()
Shock Did not have activator set in SpellAbilityRestriction.canPlay()
Goblin Piker Did not have activator set in SpellAbilityRestriction.canPlay()
Hill Giant Did not have activator set in SpellAbilityRestriction.canPlay()
Game Outcome: Match Duration 0m : 00s
Game Outcome: Turn 9
Game Outcome: Ai(1)-ST Balance Drop Pod No Ping has won because all opponents have lost
Game Outcome: Ai(2)-Benchmark Red Forge has lost because life total reached 0
Match Result: Ai(1)-ST Balance Drop Pod No Ping: 14 Ai(2)-Benchmark Red Forge: 7 

Game Result: Game 21 ended in 481 ms. Ai(1)-ST Balance Drop Pod No Ping has won!

Game Outcome: Match Duration 0m : 00s
Game Outcome: Turn 9
Game Outcome: Ai(1)-ST Balance Drop Pod No Ping has won because all opponents have lost
Game Outcome: Ai(2)-Benchmark Red Forge has lost because life total reached 0
Match Result: Ai(1)-ST Balance Drop Pod No Ping: 15 Ai(2)-Benchmark Red Forge: 7 

Game Result: Game 22 ended in 673 ms. Ai(1)-ST Balance Drop Pod No Ping has won!

Mountain Did not have activator set in SpellAbilityRestriction.canPlay()
Mountain Did not have activator set in SpellAbilityRestriction.canPlay()
Lava Axe Did not have activator set in SpellAbilityRestriction.canPlay()
Game Outcome: Match Duration 0m : 00s
Game Outcome: Turn 9
Game Outcome: Ai(1)-ST Balance Drop Pod No Ping has won because all opponents have lost
Game Outcome: Ai(2)-Benchmark Red Forge has lost because life total reached 0
Match Result: Ai(1)-ST Balance Drop Pod No Ping: 16 Ai(2)-Benchmark Red Forge: 7 

Game Result: Game 23 ended in 712 ms. Ai(1)-ST Balance Drop Pod No Ping has won!

Lightning Elemental Did not have activator set in SpellAbilityRestriction.canPlay()
Game Outcome: Match Duration 0m : 00s
Game Outcome: Turn 6
Game Outcome: Ai(1)-ST Balance Drop Pod No Ping has lost because life total reached 0
Game Outcome: Ai(2)-Benchmark Red Forge has won because all opponents have lost
Match Result: Ai(1)-ST Balance Drop Pod No Ping: 16 Ai(2)-Benchmark Red Forge: 8 

Game Result: Game 24 ended in 360 ms. Ai(2)-Benchmark Red Forge has won!

Mountain Did not have activator set in SpellAbilityRestriction.canPlay()
Lava Axe Did not have activator set in SpellAbilityRestriction.canPlay()
Lava Axe Did not have activator set in SpellAbilityRestriction.canPlay()
Mountain Did not have activator set in SpellAbilityRestriction.canPlay()
Shock Did not have activator set in SpellAbilityRestriction.canPlay()
Game Outcome: Match Duration 0m : 00s
Game Outcome: Turn 7
Game Outcome: Ai(1)-ST Balance Drop Pod No Ping has won because all opponents have lost
Game Outcome: Ai(2)-Benchmark Red Forge has lost because life total reached 0
Match Result: Ai(1)-ST Balance Drop Pod No Ping: 17 Ai(2)-Benchmark Red Forge: 8 

Game Result: Game 25 ended in 456 ms. Ai(1)-ST Balance Drop Pod No Ping has won!

Mountain Did not have activator set in SpellAbilityRestriction.canPlay()
Goblin Chariot Did not have activator set in SpellAbilityRestriction.canPlay()
Shock Did not have activator set in SpellAbilityRestriction.canPlay()
Goblin Piker Did not have activator set in SpellAbilityRestriction.canPlay()
Game Outcome: Match Duration 0m : 00s
Game Outcome: Turn 9
Game Outcome: Ai(1)-ST Balance Drop Pod No Ping has won because all opponents have lost
Game Outcome: Ai(2)-Benchmark Red Forge has lost because life total reached 0
Match Result: Ai(1)-ST Balance Drop Pod No Ping: 18 Ai(2)-Benchmark Red Forge: 8 

Game Result: Game 26 ended in 596 ms. Ai(1)-ST Balance Drop Pod No Ping has won!

Goblin Chariot Did not have activator set in SpellAbilityRestriction.canPlay()
Volcanic Hammer Did not have activator set in SpellAbilityRestriction.canPlay()
Game Outcome: Match Duration 0m : 00s
Game Outcome: Turn 9
Game Outcome: Ai(1)-ST Balance Drop Pod No Ping has won because all opponents have lost
Game Outcome: Ai(2)-Benchmark Red Forge has lost because life total reached 0
Match Result: Ai(1)-ST Balance Drop Pod No Ping: 19 Ai(2)-Benchmark Red Forge: 8 

Game Result: Game 27 ended in 644 ms. Ai(1)-ST Balance Drop Pod No Ping has won!

Lightning Strike Did not have activator set in SpellAbilityRestriction.canPlay()
Mountain Did not have activator set in SpellAbilityRestriction.canPlay()
Game Outcome: Match Duration 0m : 00s
Game Outcome: Turn 8
Game Outcome: Ai(1)-ST Balance Drop Pod No Ping has lost because life total reached 0
Game Outcome: Ai(2)-Benchmark Red Forge has won because all opponents have lost
Match Result: Ai(1)-ST Balance Drop Pod No Ping: 19 Ai(2)-Benchmark Red Forge: 9 

Game Result: Game 28 ended in 490 ms. Ai(2)-Benchmark Red Forge has won!

Goblin Chariot Did not have activator set in SpellAbilityRestriction.canPlay()
Mountain Did not have activator set in SpellAbilityRestriction.canPlay()
Lava Axe Did not have activator set in SpellAbilityRestriction.canPlay()
Game Outcome: Match Duration 0m : 00s
Game Outcome: Turn 8
Game Outcome: Ai(1)-ST Balance Drop Pod No Ping has won because all opponents have lost
Game Outcome: Ai(2)-Benchmark Red Forge has lost because life total reached 0
Match Result: Ai(1)-ST Balance Drop Pod No Ping: 20 Ai(2)-Benchmark Red Forge: 9 

Game Result: Game 29 ended in 662 ms. Ai(1)-ST Balance Drop Pod No Ping has won!

Mountain Did not have activator set in SpellAbilityRestriction.canPlay()
Mountain Did not have activator set in SpellAbilityRestriction.canPlay()
Game Outcome: Match Duration 0m : 00s
Game Outcome: Turn 9
Game Outcome: Ai(1)-ST Balance Drop Pod No Ping has won because all opponents have lost
Game Outcome: Ai(2)-Benchmark Red Forge has lost because life total reached 0
Match Result: Ai(1)-ST Balance Drop Pod No Ping: 21 Ai(2)-Benchmark Red Forge: 9 

Game Result: Game 30 ended in 597 ms. Ai(1)-ST Balance Drop Pod No Ping has won!

Lightning Strike Did not have activator set in SpellAbilityRestriction.canPlay()
Game Outcome: Match Duration 0m : 00s
Game Outcome: Turn 8
Game Outcome: Ai(1)-ST Balance Drop Pod No Ping has lost because life total reached 0
Game Outcome: Ai(2)-Benchmark Red Forge has won because all opponents have lost
Match Result: Ai(1)-ST Balance Drop Pod No Ping: 21 Ai(2)-Benchmark Red Forge: 10 

Game Result: Game 31 ended in 484 ms. Ai(2)-Benchmark Red Forge has won!

Lightning Elemental Did not have activator set in SpellAbilityRestriction.canPlay()
Game Outcome: Match Duration 0m : 02s
Game Outcome: Turn 15
Game Outcome: Ai(1)-ST Balance Drop Pod No Ping has won because all opponents have lost
Game Outcome: Ai(2)-Benchmark Red Forge has lost because life total reached 0
Match Result: Ai(1)-ST Balance Drop Pod No Ping: 22 Ai(2)-Benchmark Red Forge: 10 

Game Result: Game 32 ended in 2707 ms. Ai(1)-ST Balance Drop Pod No Ping has won!

Volcanic Hammer Did not have activator set in SpellAbilityRestriction.canPlay()
Game Outcome: Match Duration 0m : 00s
Game Outcome: Turn 7
Game Outcome: Ai(1)-ST Balance Drop Pod No Ping has lost because life total reached 0
Game Outcome: Ai(2)-Benchmark Red Forge has won because all opponents have lost
Match Result: Ai(1)-ST Balance Drop Pod No Ping: 22 Ai(2)-Benchmark Red Forge: 11 

Game Result: Game 33 ended in 494 ms. Ai(2)-Benchmark Red Forge has won!

Game Outcome: Match Duration 0m : 00s
Game Outcome: Turn 6
Game Outcome: Ai(1)-ST Balance Drop Pod No Ping has lost because life total reached 0
Game Outcome: Ai(2)-Benchmark Red Forge has won because all opponents have lost
Match Result: Ai(1)-ST Balance Drop Pod No Ping: 22 Ai(2)-Benchmark Red Forge: 12 

Game Result: Game 34 ended in 470 ms. Ai(2)-Benchmark Red Forge has won!

Game Outcome: Match Duration 0m : 00s
Game Outcome: Turn 8
Game Outcome: Ai(1)-ST Balance Drop Pod No Ping has lost because life total reached 0
Game Outcome: Ai(2)-Benchmark Red Forge has won because all opponents have lost
Match Result: Ai(1)-ST Balance Drop Pod No Ping: 22 Ai(2)-Benchmark Red Forge: 13 

Game Result: Game 35 ended in 767 ms. Ai(2)-Benchmark Red Forge has won!

Lightning Elemental Did not have activator set in SpellAbilityRestriction.canPlay()
Lightning Strike Did not have activator set in SpellAbilityRestriction.canPlay()
Mountain Did not have activator set in SpellAbilityRestriction.canPlay()
Game Outcome: Match Duration 0m : 00s
Game Outcome: Turn 10
Game Outcome: Ai(1)-ST Balance Drop Pod No Ping has won because all opponents have lost
Game Outcome: Ai(2)-Benchmark Red Forge has lost because life total reached 0
Match Result: Ai(1)-ST Balance Drop Pod No Ping: 23 Ai(2)-Benchmark Red Forge: 13 

Game Result: Game 36 ended in 818 ms. Ai(1)-ST Balance Drop Pod No Ping has won!

Mountain Did not have activator set in SpellAbilityRestriction.canPlay()
Mountain Did not have activator set in SpellAbilityRestriction.canPlay()
Mountain Did not have activator set in SpellAbilityRestriction.canPlay()
Mountain Did not have activator set in SpellAbilityRestriction.canPlay()
Lightning Strike Did not have activator set in SpellAbilityRestriction.canPlay()
Game Outcome: Match Duration 0m : 00s
Game Outcome: Turn 11
Game Outcome: Ai(1)-ST Balance Drop Pod No Ping has won because all opponents have lost
Game Outcome: Ai(2)-Benchmark Red Forge has lost because life total reached 0
Match Result: Ai(1)-ST Balance Drop Pod No Ping: 24 Ai(2)-Benchmark Red Forge: 13 

Game Result: Game 37 ended in 783 ms. Ai(1)-ST Balance Drop Pod No Ping has won!

Mountain Did not have activator set in SpellAbilityRestriction.canPlay()
Shock Did not have activator set in SpellAbilityRestriction.canPlay()
Game Outcome: Match Duration 0m : 00s
Game Outcome: Turn 7
Game Outcome: Ai(1)-ST Balance Drop Pod No Ping has lost because life total reached 0
Game Outcome: Ai(2)-Benchmark Red Forge has won because all opponents have lost
Match Result: Ai(1)-ST Balance Drop Pod No Ping: 24 Ai(2)-Benchmark Red Forge: 14 

Game Result: Game 38 ended in 489 ms. Ai(2)-Benchmark Red Forge has won!

Game Outcome: Match Duration 0m : 01s
Game Outcome: Turn 18
Game Outcome: Ai(1)-ST Balance Drop Pod No Ping has won because all opponents have lost
Game Outcome: Ai(2)-Benchmark Red Forge has lost because life total reached 0
Match Result: Ai(1)-ST Balance Drop Pod No Ping: 25 Ai(2)-Benchmark Red Forge: 14 

Game Result: Game 39 ended in 1841 ms. Ai(1)-ST Balance Drop Pod No Ping has won!

Mountain Did not have activator set in SpellAbilityRestriction.canPlay()
Mountain Did not have activator set in SpellAbilityRestriction.canPlay()
Game Outcome: Match Duration 0m : 00s
Game Outcome: Turn 10
Game Outcome: Ai(1)-ST Balance Drop Pod No Ping has won because all opponents have lost
Game Outcome: Ai(2)-Benchmark Red Forge has lost because life total reached 0
Match Result: Ai(1)-ST Balance Drop Pod No Ping: 26 Ai(2)-Benchmark Red Forge: 14 

Game Result: Game 40 ended in 565 ms. Ai(1)-ST Balance Drop Pod No Ping has won!

Game Outcome: Match Duration 0m : 00s
Game Outcome: Turn 8
Game Outcome: Ai(1)-ST Balance Drop Pod No Ping has lost because life total reached 0
Game Outcome: Ai(2)-Benchmark Red Forge has won because all opponents have lost
Match Result: Ai(1)-ST Balance Drop Pod No Ping: 26 Ai(2)-Benchmark Red Forge: 15 

Game Result: Game 41 ended in 843 ms. Ai(2)-Benchmark Red Forge has won!

Goblin Piker Did not have activator set in SpellAbilityRestriction.canPlay()
Mountain Did not have activator set in SpellAbilityRestriction.canPlay()
Lightning Elemental Did not have activator set in SpellAbilityRestriction.canPlay()
Game Outcome: Match Duration 0m : 00s
Game Outcome: Turn 7
Game Outcome: Ai(1)-ST Balance Drop Pod No Ping has lost because life total reached 0
Game Outcome: Ai(2)-Benchmark Red Forge has won because all opponents have lost
Match Result: Ai(1)-ST Balance Drop Pod No Ping: 26 Ai(2)-Benchmark Red Forge: 16 

Game Result: Game 42 ended in 601 ms. Ai(2)-Benchmark Red Forge has won!

Lightning Elemental Did not have activator set in SpellAbilityRestriction.canPlay()
Mountain Did not have activator set in SpellAbilityRestriction.canPlay()
Goblin Piker Did not have activator set in SpellAbilityRestriction.canPlay()
Mountain Did not have activator set in SpellAbilityRestriction.canPlay()
Game Outcome: Match Duration 0m : 00s
Game Outcome: Turn 6
Game Outcome: Ai(1)-ST Balance Drop Pod No Ping has lost because life total reached 0
Game Outcome: Ai(2)-Benchmark Red Forge has won because all opponents have lost
Match Result: Ai(1)-ST Balance Drop Pod No Ping: 26 Ai(2)-Benchmark Red Forge: 17 

Game Result: Game 43 ended in 376 ms. Ai(2)-Benchmark Red Forge has won!

Mountain Did not have activator set in SpellAbilityRestriction.canPlay()
Mountain Did not have activator set in SpellAbilityRestriction.canPlay()
Mountain Did not have activator set in SpellAbilityRestriction.canPlay()
Mountain Did not have activator set in SpellAbilityRestriction.canPlay()
Mountain Did not have activator set in SpellAbilityRestriction.canPlay()
Mountain Did not have activator set in SpellAbilityRestriction.canPlay()
Mountain Did not have activator set in SpellAbilityRestriction.canPlay()
Mountain Did not have activator set in SpellAbilityRestriction.canPlay()
Game Outcome: Match Duration 0m : 00s
Game Outcome: Turn 8
Game Outcome: Ai(1)-ST Balance Drop Pod No Ping has won because all opponents have lost
Game Outcome: Ai(2)-Benchmark Red Forge has lost because life total reached 0
Match Result: Ai(1)-ST Balance Drop Pod No Ping: 27 Ai(2)-Benchmark Red Forge: 17 

Game Result: Game 44 ended in 447 ms. Ai(1)-ST Balance Drop Pod No Ping has won!

Mountain Did not have activator set in SpellAbilityRestriction.canPlay()
Mountain Did not have activator set in SpellAbilityRestriction.canPlay()
Lava Axe Did not have activator set in SpellAbilityRestriction.canPlay()
Game Outcome: Match Duration 0m : 00s
Game Outcome: Turn 8
Game Outcome: Ai(1)-ST Balance Drop Pod No Ping has won because all opponents have lost
Game Outcome: Ai(2)-Benchmark Red Forge has lost because life total reached 0
Match Result: Ai(1)-ST Balance Drop Pod No Ping: 28 Ai(2)-Benchmark Red Forge: 17 

Game Result: Game 45 ended in 488 ms. Ai(1)-ST Balance Drop Pod No Ping has won!

Mountain Did not have activator set in SpellAbilityRestriction.canPlay()
Lightning Strike Did not have activator set in SpellAbilityRestriction.canPlay()
Shock Did not have activator set in SpellAbilityRestriction.canPlay()
Game Outcome: Match Duration 0m : 00s
Game Outcome: Turn 9
Game Outcome: Ai(1)-ST Balance Drop Pod No Ping has won because all opponents have lost
Game Outcome: Ai(2)-Benchmark Red Forge has lost because life total reached 0
Match Result: Ai(1)-ST Balance Drop Pod No Ping: 29 Ai(2)-Benchmark Red Forge: 17 

Game Result: Game 46 ended in 594 ms. Ai(1)-ST Balance Drop Pod No Ping has won!

Mountain Did not have activator set in SpellAbilityRestriction.canPlay()
Game Outcome: Match Duration 0m : 00s
Game Outcome: Turn 9
Game Outcome: Ai(1)-ST Balance Drop Pod No Ping has won because all opponents have lost
Game Outcome: Ai(2)-Benchmark Red Forge has lost because life total reached 0
Match Result: Ai(1)-ST Balance Drop Pod No Ping: 30 Ai(2)-Benchmark Red Forge: 17 

Game Result: Game 47 ended in 747 ms. Ai(1)-ST Balance Drop Pod No Ping has won!

Mountain Did not have activator set in SpellAbilityRestriction.canPlay()
Mountain Did not have activator set in SpellAbilityRestriction.canPlay()
Volcanic Hammer Did not have activator set in SpellAbilityRestriction.canPlay()
Hill Giant Did not have activator set in SpellAbilityRestriction.canPlay()
Lava Axe Did not have activator set in SpellAbilityRestriction.canPlay()
Game Outcome: Match Duration 0m : 00s
Game Outcome: Turn 8
Game Outcome: Ai(1)-ST Balance Drop Pod No Ping has won because all opponents have lost
Game Outcome: Ai(2)-Benchmark Red Forge has lost because life total reached 0
Match Result: Ai(1)-ST Balance Drop Pod No Ping: 31 Ai(2)-Benchmark Red Forge: 17 

Game Result: Game 48 ended in 466 ms. Ai(1)-ST Balance Drop Pod No Ping has won!

Goblin Chariot Did not have activator set in SpellAbilityRestriction.canPlay()
Game Outcome: Match Duration 0m : 00s
Game Outcome: Turn 6
Game Outcome: Ai(1)-ST Balance Drop Pod No Ping has lost because life total reached 0
Game Outcome: Ai(2)-Benchmark Red Forge has won because all opponents have lost
Match Result: Ai(1)-ST Balance Drop Pod No Ping: 31 Ai(2)-Benchmark Red Forge: 18 

Game Result: Game 49 ended in 350 ms. Ai(2)-Benchmark Red Forge has won!

Mountain Did not have activator set in SpellAbilityRestriction.canPlay()
Mountain Did not have activator set in SpellAbilityRestriction.canPlay()
Mountain Did not have activator set in SpellAbilityRestriction.canPlay()
Game Outcome: Match Duration 0m : 00s
Game Outcome: Turn 9
Game Outcome: Ai(1)-ST Balance Drop Pod No Ping has won because all opponents have lost
Game Outcome: Ai(2)-Benchmark Red Forge has lost because life total reached 0
Match Result: Ai(1)-ST Balance Drop Pod No Ping: 32 Ai(2)-Benchmark Red Forge: 18 

Game Result: Game 50 ended in 701 ms. Ai(1)-ST Balance Drop Pod No Ping has won!

Game Outcome: Match Duration 0m : 00s
Game Outcome: Turn 11
Game Outcome: Ai(1)-ST Balance Drop Pod No Ping has lost because life total reached 0
Game Outcome: Ai(2)-Benchmark Red Forge has won because all opponents have lost
Match Result: Ai(1)-ST Balance Drop Pod No Ping: 32 Ai(2)-Benchmark Red Forge: 19 

Game Result: Game 51 ended in 771 ms. Ai(2)-Benchmark Red Forge has won!

Goblin Piker Did not have activator set in SpellAbilityRestriction.canPlay()
Raging Goblin Did not have activator set in SpellAbilityRestriction.canPlay()
Volcanic Hammer Did not have activator set in SpellAbilityRestriction.canPlay()
Game Outcome: Match Duration 0m : 00s
Game Outcome: Turn 9
Game Outcome: Ai(1)-ST Balance Drop Pod No Ping has won because all opponents have lost
Game Outcome: Ai(2)-Benchmark Red Forge has lost because life total reached 0
Match Result: Ai(1)-ST Balance Drop Pod No Ping: 33 Ai(2)-Benchmark Red Forge: 19 

Game Result: Game 52 ended in 865 ms. Ai(1)-ST Balance Drop Pod No Ping has won!

Mountain Did not have activator set in SpellAbilityRestriction.canPlay()
Mountain Did not have activator set in SpellAbilityRestriction.canPlay()
Mountain Did not have activator set in SpellAbilityRestriction.canPlay()
Game Outcome: Match Duration 0m : 00s
Game Outcome: Turn 7
Game Outcome: Ai(1)-ST Balance Drop Pod No Ping has lost because life total reached 0
Game Outcome: Ai(2)-Benchmark Red Forge has won because all opponents have lost
Match Result: Ai(1)-ST Balance Drop Pod No Ping: 33 Ai(2)-Benchmark Red Forge: 20 

Game Result: Game 53 ended in 431 ms. Ai(2)-Benchmark Red Forge has won!

Mountain Did not have activator set in SpellAbilityRestriction.canPlay()
Shock Did not have activator set in SpellAbilityRestriction.canPlay()
Lightning Strike Did not have activator set in SpellAbilityRestriction.canPlay()
Game Outcome: Match Duration 0m : 00s
Game Outcome: Turn 9
Game Outcome: Ai(1)-ST Balance Drop Pod No Ping has won because all opponents have lost
Game Outcome: Ai(2)-Benchmark Red Forge has lost because life total reached 0
Match Result: Ai(1)-ST Balance Drop Pod No Ping: 34 Ai(2)-Benchmark Red Forge: 20 

Game Result: Game 54 ended in 636 ms. Ai(1)-ST Balance Drop Pod No Ping has won!

Mountain Did not have activator set in SpellAbilityRestriction.canPlay()
Mountain Did not have activator set in SpellAbilityRestriction.canPlay()
Mountain Did not have activator set in SpellAbilityRestriction.canPlay()
Game Outcome: Match Duration 0m : 00s
Game Outcome: Turn 5
Game Outcome: Ai(1)-ST Balance Drop Pod No Ping has lost because life total reached 0
Game Outcome: Ai(2)-Benchmark Red Forge has won because all opponents have lost
Match Result: Ai(1)-ST Balance Drop Pod No Ping: 34 Ai(2)-Benchmark Red Forge: 21 

Game Result: Game 55 ended in 311 ms. Ai(2)-Benchmark Red Forge has won!

Mountain Did not have activator set in SpellAbilityRestriction.canPlay()
Mountain Did not have activator set in SpellAbilityRestriction.canPlay()
Mountain Did not have activator set in SpellAbilityRestriction.canPlay()
Game Outcome: Match Duration 0m : 00s
Game Outcome: Turn 11
Game Outcome: Ai(1)-ST Balance Drop Pod No Ping has won because all opponents have lost
Game Outcome: Ai(2)-Benchmark Red Forge has lost because life total reached 0
Match Result: Ai(1)-ST Balance Drop Pod No Ping: 35 Ai(2)-Benchmark Red Forge: 21 

Game Result: Game 56 ended in 802 ms. Ai(1)-ST Balance Drop Pod No Ping has won!

Mountain Did not have activator set in SpellAbilityRestriction.canPlay()
Mountain Did not have activator set in SpellAbilityRestriction.canPlay()
Goblin Chariot Did not have activator set in SpellAbilityRestriction.canPlay()
Goblin Chariot Did not have activator set in SpellAbilityRestriction.canPlay()
Game Outcome: Match Duration 0m : 00s
Game Outcome: Turn 7
Game Outcome: Ai(1)-ST Balance Drop Pod No Ping has lost because life total reached 0
Game Outcome: Ai(2)-Benchmark Red Forge has won because all opponents have lost
Match Result: Ai(1)-ST Balance Drop Pod No Ping: 35 Ai(2)-Benchmark Red Forge: 22 

Game Result: Game 57 ended in 383 ms. Ai(2)-Benchmark Red Forge has won!

Mountain Did not have activator set in SpellAbilityRestriction.canPlay()
Mountain Did not have activator set in SpellAbilityRestriction.canPlay()
Mountain Did not have activator set in SpellAbilityRestriction.canPlay()
Shock Did not have activator set in SpellAbilityRestriction.canPlay()
Game Outcome: Match Duration 0m : 00s
Game Outcome: Turn 10
Game Outcome: Ai(1)-ST Balance Drop Pod No Ping has won because all opponents have lost
Game Outcome: Ai(2)-Benchmark Red Forge has lost because life total reached 0
Match Result: Ai(1)-ST Balance Drop Pod No Ping: 36 Ai(2)-Benchmark Red Forge: 22 

Game Result: Game 58 ended in 590 ms. Ai(1)-ST Balance Drop Pod No Ping has won!

Goblin Chariot Did not have activator set in SpellAbilityRestriction.canPlay()
Game Outcome: Match Duration 0m : 00s
Game Outcome: Turn 8
Game Outcome: Ai(1)-ST Balance Drop Pod No Ping has won because all opponents have lost
Game Outcome: Ai(2)-Benchmark Red Forge has lost because life total reached 0
Match Result: Ai(1)-ST Balance Drop Pod No Ping: 37 Ai(2)-Benchmark Red Forge: 22 

Game Result: Game 59 ended in 662 ms. Ai(1)-ST Balance Drop Pod No Ping has won!

Game Outcome: Match Duration 0m : 00s
Game Outcome: Turn 8
Game Outcome: Ai(1)-ST Balance Drop Pod No Ping has won because all opponents have lost
Game Outcome: Ai(2)-Benchmark Red Forge has lost because life total reached 0
Match Result: Ai(1)-ST Balance Drop Pod No Ping: 38 Ai(2)-Benchmark Red Forge: 22 

Game Result: Game 60 ended in 619 ms. Ai(1)-ST Balance Drop Pod No Ping has won!

Mountain Did not have activator set in SpellAbilityRestriction.canPlay()
Mountain Did not have activator set in SpellAbilityRestriction.canPlay()
Game Outcome: Match Duration 0m : 00s
Game Outcome: Turn 7
Game Outcome: Ai(1)-ST Balance Drop Pod No Ping has lost because life total reached 0
Game Outcome: Ai(2)-Benchmark Red Forge has won because all opponents have lost
Match Result: Ai(1)-ST Balance Drop Pod No Ping: 38 Ai(2)-Benchmark Red Forge: 23 

Game Result: Game 61 ended in 502 ms. Ai(2)-Benchmark Red Forge has won!

Mountain Did not have activator set in SpellAbilityRestriction.canPlay()
Mountain Did not have activator set in SpellAbilityRestriction.canPlay()
Mountain Did not have activator set in SpellAbilityRestriction.canPlay()
Lava Axe Did not have activator set in SpellAbilityRestriction.canPlay()
Game Outcome: Match Duration 0m : 00s
Game Outcome: Turn 6
Game Outcome: Ai(1)-ST Balance Drop Pod No Ping has won because all opponents have lost
Game Outcome: Ai(2)-Benchmark Red Forge has lost because life total reached 0
Match Result: Ai(1)-ST Balance Drop Pod No Ping: 39 Ai(2)-Benchmark Red Forge: 23 

Game Result: Game 62 ended in 401 ms. Ai(1)-ST Balance Drop Pod No Ping has won!

Mountain Did not have activator set in SpellAbilityRestriction.canPlay()
Mountain Did not have activator set in SpellAbilityRestriction.canPlay()
Mountain Did not have activator set in SpellAbilityRestriction.canPlay()
Mountain Did not have activator set in SpellAbilityRestriction.canPlay()
Game Outcome: Match Duration 0m : 00s
Game Outcome: Turn 10
Game Outcome: Ai(1)-ST Balance Drop Pod No Ping has won because all opponents have lost
Game Outcome: Ai(2)-Benchmark Red Forge has lost because life total reached 0
Match Result: Ai(1)-ST Balance Drop Pod No Ping: 40 Ai(2)-Benchmark Red Forge: 23 

Game Result: Game 63 ended in 858 ms. Ai(1)-ST Balance Drop Pod No Ping has won!

Volcanic Hammer Did not have activator set in SpellAbilityRestriction.canPlay()
Volcanic Hammer Did not have activator set in SpellAbilityRestriction.canPlay()
Shock Did not have activator set in SpellAbilityRestriction.canPlay()
Game Outcome: Match Duration 0m : 00s
Game Outcome: Turn 11
Game Outcome: Ai(1)-ST Balance Drop Pod No Ping has won because all opponents have lost
Game Outcome: Ai(2)-Benchmark Red Forge has lost because life total reached 0
Match Result: Ai(1)-ST Balance Drop Pod No Ping: 41 Ai(2)-Benchmark Red Forge: 23 

Game Result: Game 64 ended in 703 ms. Ai(1)-ST Balance Drop Pod No Ping has won!

Lava Axe Did not have activator set in SpellAbilityRestriction.canPlay()
Game Outcome: Match Duration 0m : 01s
Game Outcome: Turn 14
Game Outcome: Ai(1)-ST Balance Drop Pod No Ping has won because all opponents have lost
Game Outcome: Ai(2)-Benchmark Red Forge has lost because life total reached 0
Match Result: Ai(1)-ST Balance Drop Pod No Ping: 42 Ai(2)-Benchmark Red Forge: 23 

Game Result: Game 65 ended in 2163 ms. Ai(1)-ST Balance Drop Pod No Ping has won!

Mountain Did not have activator set in SpellAbilityRestriction.canPlay()
Goblin Chariot Did not have activator set in SpellAbilityRestriction.canPlay()
Game Outcome: Match Duration 0m : 02s
Game Outcome: Turn 13
Game Outcome: Ai(1)-ST Balance Drop Pod No Ping has won because all opponents have lost
Game Outcome: Ai(2)-Benchmark Red Forge has lost because life total reached 0
Match Result: Ai(1)-ST Balance Drop Pod No Ping: 43 Ai(2)-Benchmark Red Forge: 23 

Game Result: Game 66 ended in 2259 ms. Ai(1)-ST Balance Drop Pod No Ping has won!

Mountain Did not have activator set in SpellAbilityRestriction.canPlay()
Mountain Did not have activator set in SpellAbilityRestriction.canPlay()
Shock Did not have activator set in SpellAbilityRestriction.canPlay()
Shock Did not have activator set in SpellAbilityRestriction.canPlay()
Game Outcome: Match Duration 0m : 00s
Game Outcome: Turn 10
Game Outcome: Ai(1)-ST Balance Drop Pod No Ping has won because all opponents have lost
Game Outcome: Ai(2)-Benchmark Red Forge has lost because life total reached 0
Match Result: Ai(1)-ST Balance Drop Pod No Ping: 44 Ai(2)-Benchmark Red Forge: 23 

Game Result: Game 67 ended in 650 ms. Ai(1)-ST Balance Drop Pod No Ping has won!

Goblin Chariot Did not have activator set in SpellAbilityRestriction.canPlay()
Mountain Did not have activator set in SpellAbilityRestriction.canPlay()
Mountain Did not have activator set in SpellAbilityRestriction.canPlay()
Game Outcome: Match Duration 0m : 00s
Game Outcome: Turn 9
Game Outcome: Ai(1)-ST Balance Drop Pod No Ping has lost because life total reached 0
Game Outcome: Ai(2)-Benchmark Red Forge has won because all opponents have lost
Match Result: Ai(1)-ST Balance Drop Pod No Ping: 44 Ai(2)-Benchmark Red Forge: 24 

Game Result: Game 68 ended in 620 ms. Ai(2)-Benchmark Red Forge has won!

Mountain Did not have activator set in SpellAbilityRestriction.canPlay()
Volcanic Hammer Did not have activator set in SpellAbilityRestriction.canPlay()
Game Outcome: Match Duration 0m : 00s
Game Outcome: Turn 9
Game Outcome: Ai(1)-ST Balance Drop Pod No Ping has lost because life total reached 0
Game Outcome: Ai(2)-Benchmark Red Forge has won because all opponents have lost
Match Result: Ai(1)-ST Balance Drop Pod No Ping: 44 Ai(2)-Benchmark Red Forge: 25 

Game Result: Game 69 ended in 598 ms. Ai(2)-Benchmark Red Forge has won!

Mountain Did not have activator set in SpellAbilityRestriction.canPlay()
Game Outcome: Match Duration 0m : 00s
Game Outcome: Turn 8
Game Outcome: Ai(1)-ST Balance Drop Pod No Ping has won because all opponents have lost
Game Outcome: Ai(2)-Benchmark Red Forge has lost because life total reached 0
Match Result: Ai(1)-ST Balance Drop Pod No Ping: 45 Ai(2)-Benchmark Red Forge: 25 

Game Result: Game 70 ended in 488 ms. Ai(1)-ST Balance Drop Pod No Ping has won!

Mountain Did not have activator set in SpellAbilityRestriction.canPlay()
Mountain Did not have activator set in SpellAbilityRestriction.canPlay()
Lava Axe Did not have activator set in SpellAbilityRestriction.canPlay()
Game Outcome: Match Duration 0m : 00s
Game Outcome: Turn 7
Game Outcome: Ai(1)-ST Balance Drop Pod No Ping has won because all opponents have lost
Game Outcome: Ai(2)-Benchmark Red Forge has lost because life total reached 0
Match Result: Ai(1)-ST Balance Drop Pod No Ping: 46 Ai(2)-Benchmark Red Forge: 25 

Game Result: Game 71 ended in 450 ms. Ai(1)-ST Balance Drop Pod No Ping has won!

Mountain Did not have activator set in SpellAbilityRestriction.canPlay()
Mountain Did not have activator set in SpellAbilityRestriction.canPlay()
Mountain Did not have activator set in SpellAbilityRestriction.canPlay()
Mountain Did not have activator set in SpellAbilityRestriction.canPlay()
Lava Axe Did not have activator set in SpellAbilityRestriction.canPlay()
Hill Giant Did not have activator set in SpellAbilityRestriction.canPlay()
Game Outcome: Match Duration 0m : 00s
Game Outcome: Turn 7
Game Outcome: Ai(1)-ST Balance Drop Pod No Ping has won because all opponents have lost
Game Outcome: Ai(2)-Benchmark Red Forge has lost because life total reached 0
Match Result: Ai(1)-ST Balance Drop Pod No Ping: 47 Ai(2)-Benchmark Red Forge: 25 

Game Result: Game 72 ended in 476 ms. Ai(1)-ST Balance Drop Pod No Ping has won!

Game Outcome: Match Duration 0m : 00s
Game Outcome: Turn 9
Game Outcome: Ai(1)-ST Balance Drop Pod No Ping has won because all opponents have lost
Game Outcome: Ai(2)-Benchmark Red Forge has lost because life total reached 0
Match Result: Ai(1)-ST Balance Drop Pod No Ping: 48 Ai(2)-Benchmark Red Forge: 25 

Game Result: Game 73 ended in 747 ms. Ai(1)-ST Balance Drop Pod No Ping has won!

Mountain Did not have activator set in SpellAbilityRestriction.canPlay()
Mountain Did not have activator set in SpellAbilityRestriction.canPlay()
Game Outcome: Match Duration 0m : 00s
Game Outcome: Turn 9
Game Outcome: Ai(1)-ST Balance Drop Pod No Ping has won because all opponents have lost
Game Outcome: Ai(2)-Benchmark Red Forge has lost because life total reached 0
Match Result: Ai(1)-ST Balance Drop Pod No Ping: 49 Ai(2)-Benchmark Red Forge: 25 

Game Result: Game 74 ended in 787 ms. Ai(1)-ST Balance Drop Pod No Ping has won!

Mountain Did not have activator set in SpellAbilityRestriction.canPlay()
Game Outcome: Match Duration 0m : 00s
Game Outcome: Turn 6
Game Outcome: Ai(1)-ST Balance Drop Pod No Ping has lost because life total reached 0
Game Outcome: Ai(2)-Benchmark Red Forge has won because all opponents have lost
Match Result: Ai(1)-ST Balance Drop Pod No Ping: 49 Ai(2)-Benchmark Red Forge: 26 

Game Result: Game 75 ended in 344 ms. Ai(2)-Benchmark Red Forge has won!

Mountain Did not have activator set in SpellAbilityRestriction.canPlay()
Mountain Did not have activator set in SpellAbilityRestriction.canPlay()
Mountain Did not have activator set in SpellAbilityRestriction.canPlay()
Game Outcome: Match Duration 0m : 00s
Game Outcome: Turn 12
Game Outcome: Ai(1)-ST Balance Drop Pod No Ping has won because all opponents have lost
Game Outcome: Ai(2)-Benchmark Red Forge has lost because life total reached 0
Match Result: Ai(1)-ST Balance Drop Pod No Ping: 50 Ai(2)-Benchmark Red Forge: 26 

Game Result: Game 76 ended in 886 ms. Ai(1)-ST Balance Drop Pod No Ping has won!

Game Outcome: Match Duration 0m : 00s
Game Outcome: Turn 7
Game Outcome: Ai(1)-ST Balance Drop Pod No Ping has lost because life total reached 0
Game Outcome: Ai(2)-Benchmark Red Forge has won because all opponents have lost
Match Result: Ai(1)-ST Balance Drop Pod No Ping: 50 Ai(2)-Benchmark Red Forge: 27 

Game Result: Game 77 ended in 472 ms. Ai(2)-Benchmark Red Forge has won!

Mountain Did not have activator set in SpellAbilityRestriction.canPlay()
Mountain Did not have activator set in SpellAbilityRestriction.canPlay()
Mountain Did not have activator set in SpellAbilityRestriction.canPlay()
Mountain Did not have activator set in SpellAbilityRestriction.canPlay()
Mountain Did not have activator set in SpellAbilityRestriction.canPlay()
Mountain Did not have activator set in SpellAbilityRestriction.canPlay()
Shock Did not have activator set in SpellAbilityRestriction.canPlay()
Game Outcome: Match Duration 0m : 00s
Game Outcome: Turn 8
Game Outcome: Ai(1)-ST Balance Drop Pod No Ping has won because all opponents have lost
Game Outcome: Ai(2)-Benchmark Red Forge has lost because life total reached 0
Match Result: Ai(1)-ST Balance Drop Pod No Ping: 51 Ai(2)-Benchmark Red Forge: 27 

Game Result: Game 78 ended in 529 ms. Ai(1)-ST Balance Drop Pod No Ping has won!

Lightning Elemental Did not have activator set in SpellAbilityRestriction.canPlay()
Hill Giant Did not have activator set in SpellAbilityRestriction.canPlay()
Game Outcome: Match Duration 0m : 00s
Game Outcome: Turn 11
Game Outcome: Ai(1)-ST Balance Drop Pod No Ping has won because all opponents have lost
Game Outcome: Ai(2)-Benchmark Red Forge has lost because life total reached 0
Match Result: Ai(1)-ST Balance Drop Pod No Ping: 52 Ai(2)-Benchmark Red Forge: 27 

Game Result: Game 79 ended in 917 ms. Ai(1)-ST Balance Drop Pod No Ping has won!

Mountain Did not have activator set in SpellAbilityRestriction.canPlay()
Mountain Did not have activator set in SpellAbilityRestriction.canPlay()
Mountain Did not have activator set in SpellAbilityRestriction.canPlay()
Mountain Did not have activator set in SpellAbilityRestriction.canPlay()
Hill Giant Did not have activator set in SpellAbilityRestriction.canPlay()
Lava Axe Did not have activator set in SpellAbilityRestriction.canPlay()
Lava Axe Did not have activator set in SpellAbilityRestriction.canPlay()
Game Outcome: Match Duration 0m : 00s
Game Outcome: Turn 10
Game Outcome: Ai(1)-ST Balance Drop Pod No Ping has won because all opponents have lost
Game Outcome: Ai(2)-Benchmark Red Forge has lost because life total reached 0
Match Result: Ai(1)-ST Balance Drop Pod No Ping: 53 Ai(2)-Benchmark Red Forge: 27 

Game Result: Game 80 ended in 726 ms. Ai(1)-ST Balance Drop Pod No Ping has won!

Mountain Did not have activator set in SpellAbilityRestriction.canPlay()
Mountain Did not have activator set in SpellAbilityRestriction.canPlay()
Mountain Did not have activator set in SpellAbilityRestriction.canPlay()
Lava Axe Did not have activator set in SpellAbilityRestriction.canPlay()
Game Outcome: Match Duration 0m : 00s
Game Outcome: Turn 6
Game Outcome: Ai(1)-ST Balance Drop Pod No Ping has lost because life total reached 0
Game Outcome: Ai(2)-Benchmark Red Forge has won because all opponents have lost
Match Result: Ai(1)-ST Balance Drop Pod No Ping: 53 Ai(2)-Benchmark Red Forge: 28 

Game Result: Game 81 ended in 335 ms. Ai(2)-Benchmark Red Forge has won!

Shock Did not have activator set in SpellAbilityRestriction.canPlay()
Mountain Did not have activator set in SpellAbilityRestriction.canPlay()
Game Outcome: Match Duration 0m : 00s
Game Outcome: Turn 9
Game Outcome: Ai(1)-ST Balance Drop Pod No Ping has won because all opponents have lost
Game Outcome: Ai(2)-Benchmark Red Forge has lost because life total reached 0
Match Result: Ai(1)-ST Balance Drop Pod No Ping: 54 Ai(2)-Benchmark Red Forge: 28 

Game Result: Game 82 ended in 544 ms. Ai(1)-ST Balance Drop Pod No Ping has won!

Mountain Did not have activator set in SpellAbilityRestriction.canPlay()
Mountain Did not have activator set in SpellAbilityRestriction.canPlay()
Goblin Piker Did not have activator set in SpellAbilityRestriction.canPlay()
Mountain Did not have activator set in SpellAbilityRestriction.canPlay()
Mountain Did not have activator set in SpellAbilityRestriction.canPlay()
Game Outcome: Match Duration 0m : 00s
Game Outcome: Turn 6
Game Outcome: Ai(1)-ST Balance Drop Pod No Ping has lost because life total reached 0
Game Outcome: Ai(2)-Benchmark Red Forge has won because all opponents have lost
Match Result: Ai(1)-ST Balance Drop Pod No Ping: 54 Ai(2)-Benchmark Red Forge: 29 

Game Result: Game 83 ended in 338 ms. Ai(2)-Benchmark Red Forge has won!

Mountain Did not have activator set in SpellAbilityRestriction.canPlay()
Mountain Did not have activator set in SpellAbilityRestriction.canPlay()
Game Outcome: Match Duration 0m : 00s
Game Outcome: Turn 11
Game Outcome: Ai(1)-ST Balance Drop Pod No Ping has won because all opponents have lost
Game Outcome: Ai(2)-Benchmark Red Forge has lost because life total reached 0
Match Result: Ai(1)-ST Balance Drop Pod No Ping: 55 Ai(2)-Benchmark Red Forge: 29 

Game Result: Game 84 ended in 761 ms. Ai(1)-ST Balance Drop Pod No Ping has won!

Mountain Did not have activator set in SpellAbilityRestriction.canPlay()
Lightning Elemental Did not have activator set in SpellAbilityRestriction.canPlay()
Game Outcome: Match Duration 0m : 00s
Game Outcome: Turn 6
Game Outcome: Ai(1)-ST Balance Drop Pod No Ping has lost because life total reached 0
Game Outcome: Ai(2)-Benchmark Red Forge has won because all opponents have lost
Match Result: Ai(1)-ST Balance Drop Pod No Ping: 55 Ai(2)-Benchmark Red Forge: 30 

Game Result: Game 85 ended in 304 ms. Ai(2)-Benchmark Red Forge has won!

Volcanic Hammer Did not have activator set in SpellAbilityRestriction.canPlay()
Game Outcome: Match Duration 0m : 00s
Game Outcome: Turn 8
Game Outcome: Ai(1)-ST Balance Drop Pod No Ping has lost because life total reached 0
Game Outcome: Ai(2)-Benchmark Red Forge has won because all opponents have lost
Match Result: Ai(1)-ST Balance Drop Pod No Ping: 55 Ai(2)-Benchmark Red Forge: 31 

Game Result: Game 86 ended in 591 ms. Ai(2)-Benchmark Red Forge has won!

Shock Did not have activator set in SpellAbilityRestriction.canPlay()
Shock Did not have activator set in SpellAbilityRestriction.canPlay()
Game Outcome: Match Duration 0m : 00s
Game Outcome: Turn 7
Game Outcome: Ai(1)-ST Balance Drop Pod No Ping has lost because life total reached 0
Game Outcome: Ai(2)-Benchmark Red Forge has won because all opponents have lost
Match Result: Ai(1)-ST Balance Drop Pod No Ping: 55 Ai(2)-Benchmark Red Forge: 32 

Game Result: Game 87 ended in 472 ms. Ai(2)-Benchmark Red Forge has won!

Mountain Did not have activator set in SpellAbilityRestriction.canPlay()
Mountain Did not have activator set in SpellAbilityRestriction.canPlay()
Mountain Did not have activator set in SpellAbilityRestriction.canPlay()
Lightning Strike Did not have activator set in SpellAbilityRestriction.canPlay()
Mountain Did not have activator set in SpellAbilityRestriction.canPlay()
Game Outcome: Match Duration 0m : 00s
Game Outcome: Turn 7
Game Outcome: Ai(1)-ST Balance Drop Pod No Ping has won because all opponents have lost
Game Outcome: Ai(2)-Benchmark Red Forge has lost because life total reached 0
Match Result: Ai(1)-ST Balance Drop Pod No Ping: 56 Ai(2)-Benchmark Red Forge: 32 

Game Result: Game 88 ended in 554 ms. Ai(1)-ST Balance Drop Pod No Ping has won!

Mountain Did not have activator set in SpellAbilityRestriction.canPlay()
Mountain Did not have activator set in SpellAbilityRestriction.canPlay()
Lava Axe Did not have activator set in SpellAbilityRestriction.canPlay()
Lightning Elemental Did not have activator set in SpellAbilityRestriction.canPlay()
Lava Axe Did not have activator set in SpellAbilityRestriction.canPlay()
Game Outcome: Match Duration 0m : 00s
Game Outcome: Turn 12
Game Outcome: Ai(1)-ST Balance Drop Pod No Ping has won because all opponents have lost
Game Outcome: Ai(2)-Benchmark Red Forge has lost because life total reached 0
Match Result: Ai(1)-ST Balance Drop Pod No Ping: 57 Ai(2)-Benchmark Red Forge: 32 

Game Result: Game 89 ended in 1137 ms. Ai(1)-ST Balance Drop Pod No Ping has won!

Mountain Did not have activator set in SpellAbilityRestriction.canPlay()
Shock Did not have activator set in SpellAbilityRestriction.canPlay()
Shock Did not have activator set in SpellAbilityRestriction.canPlay()
Game Outcome: Match Duration 0m : 00s
Game Outcome: Turn 9
Game Outcome: Ai(1)-ST Balance Drop Pod No Ping has won because all opponents have lost
Game Outcome: Ai(2)-Benchmark Red Forge has lost because life total reached 0
Match Result: Ai(1)-ST Balance Drop Pod No Ping: 58 Ai(2)-Benchmark Red Forge: 32 

Game Result: Game 90 ended in 658 ms. Ai(1)-ST Balance Drop Pod No Ping has won!

Mountain Did not have activator set in SpellAbilityRestriction.canPlay()
Mountain Did not have activator set in SpellAbilityRestriction.canPlay()
Mountain Did not have activator set in SpellAbilityRestriction.canPlay()
Mountain Did not have activator set in SpellAbilityRestriction.canPlay()
Volcanic Hammer Did not have activator set in SpellAbilityRestriction.canPlay()
Game Outcome: Match Duration 0m : 00s
Game Outcome: Turn 9
Game Outcome: Ai(1)-ST Balance Drop Pod No Ping has won because all opponents have lost
Game Outcome: Ai(2)-Benchmark Red Forge has lost because life total reached 0
Match Result: Ai(1)-ST Balance Drop Pod No Ping: 59 Ai(2)-Benchmark Red Forge: 32 

Game Result: Game 91 ended in 512 ms. Ai(1)-ST Balance Drop Pod No Ping has won!

Game Outcome: Match Duration 0m : 00s
Game Outcome: Turn 7
Game Outcome: Ai(1)-ST Balance Drop Pod No Ping has won because all opponents have lost
Game Outcome: Ai(2)-Benchmark Red Forge has lost because life total reached 0
Match Result: Ai(1)-ST Balance Drop Pod No Ping: 60 Ai(2)-Benchmark Red Forge: 32 

Game Result: Game 92 ended in 445 ms. Ai(1)-ST Balance Drop Pod No Ping has won!

Game Outcome: Match Duration 0m : 00s
Game Outcome: Turn 6
Game Outcome: Ai(1)-ST Balance Drop Pod No Ping has lost because life total reached 0
Game Outcome: Ai(2)-Benchmark Red Forge has won because all opponents have lost
Match Result: Ai(1)-ST Balance Drop Pod No Ping: 60 Ai(2)-Benchmark Red Forge: 33 

Game Result: Game 93 ended in 449 ms. Ai(2)-Benchmark Red Forge has won!

Shock Did not have activator set in SpellAbilityRestriction.canPlay()
Game Outcome: Match Duration 0m : 00s
Game Outcome: Turn 8
Game Outcome: Ai(1)-ST Balance Drop Pod No Ping has won because all opponents have lost
Game Outcome: Ai(2)-Benchmark Red Forge has lost because life total reached 0
Match Result: Ai(1)-ST Balance Drop Pod No Ping: 61 Ai(2)-Benchmark Red Forge: 33 

Game Result: Game 94 ended in 596 ms. Ai(1)-ST Balance Drop Pod No Ping has won!

Volcanic Hammer Did not have activator set in SpellAbilityRestriction.canPlay()
Mountain Did not have activator set in SpellAbilityRestriction.canPlay()
Mountain Did not have activator set in SpellAbilityRestriction.canPlay()
Mountain Did not have activator set in SpellAbilityRestriction.canPlay()
Lightning Strike Did not have activator set in SpellAbilityRestriction.canPlay()
Game Outcome: Match Duration 0m : 00s
Game Outcome: Turn 11
Game Outcome: Ai(1)-ST Balance Drop Pod No Ping has won because all opponents have lost
Game Outcome: Ai(2)-Benchmark Red Forge has lost because life total reached 0
Match Result: Ai(1)-ST Balance Drop Pod No Ping: 62 Ai(2)-Benchmark Red Forge: 33 

Game Result: Game 95 ended in 621 ms. Ai(1)-ST Balance Drop Pod No Ping has won!

Game Outcome: Match Duration 0m : 00s
Game Outcome: Turn 10
Game Outcome: Ai(1)-ST Balance Drop Pod No Ping has won because all opponents have lost
Game Outcome: Ai(2)-Benchmark Red Forge has lost because life total reached 0
Match Result: Ai(1)-ST Balance Drop Pod No Ping: 63 Ai(2)-Benchmark Red Forge: 33 

Game Result: Game 96 ended in 855 ms. Ai(1)-ST Balance Drop Pod No Ping has won!

Mountain Did not have activator set in SpellAbilityRestriction.canPlay()
Goblin Piker Did not have activator set in SpellAbilityRestriction.canPlay()
Mountain Did not have activator set in SpellAbilityRestriction.canPlay()
Game Outcome: Match Duration 0m : 00s
Game Outcome: Turn 6
Game Outcome: Ai(1)-ST Balance Drop Pod No Ping has lost because life total reached 0
Game Outcome: Ai(2)-Benchmark Red Forge has won because all opponents have lost
Match Result: Ai(1)-ST Balance Drop Pod No Ping: 63 Ai(2)-Benchmark Red Forge: 34 

Game Result: Game 97 ended in 385 ms. Ai(2)-Benchmark Red Forge has won!

Volcanic Hammer Did not have activator set in SpellAbilityRestriction.canPlay()
Game Outcome: Match Duration 0m : 01s
Game Outcome: Turn 15
Game Outcome: Ai(1)-ST Balance Drop Pod No Ping has won because all opponents have lost
Game Outcome: Ai(2)-Benchmark Red Forge has lost because life total reached 0
Match Result: Ai(1)-ST Balance Drop Pod No Ping: 64 Ai(2)-Benchmark Red Forge: 34 

Game Result: Game 98 ended in 1510 ms. Ai(1)-ST Balance Drop Pod No Ping has won!

Hill Giant Did not have activator set in SpellAbilityRestriction.canPlay()
Mountain Did not have activator set in SpellAbilityRestriction.canPlay()
Mountain Did not have activator set in SpellAbilityRestriction.canPlay()
Game Outcome: Match Duration 0m : 00s
Game Outcome: Turn 8
Game Outcome: Ai(1)-ST Balance Drop Pod No Ping has won because all opponents have lost
Game Outcome: Ai(2)-Benchmark Red Forge has lost because life total reached 0
Match Result: Ai(1)-ST Balance Drop Pod No Ping: 65 Ai(2)-Benchmark Red Forge: 34 

Game Result: Game 99 ended in 525 ms. Ai(1)-ST Balance Drop Pod No Ping has won!

Mountain Did not have activator set in SpellAbilityRestriction.canPlay()
Mountain Did not have activator set in SpellAbilityRestriction.canPlay()
Mountain Did not have activator set in SpellAbilityRestriction.canPlay()
Game Outcome: Match Duration 0m : 00s
Game Outcome: Turn 8
Game Outcome: Ai(1)-ST Balance Drop Pod No Ping has lost because life total reached 0
Game Outcome: Ai(2)-Benchmark Red Forge has won because all opponents have lost
Match Result: Ai(1)-ST Balance Drop Pod No Ping: 65 Ai(2)-Benchmark Red Forge: 35 

Game Result: Game 100 ended in 443 ms. Ai(2)-Benchmark Red Forge has won!

Mountain Did not have activator set in SpellAbilityRestriction.canPlay()
Hill Giant Did not have activator set in SpellAbilityRestriction.canPlay()
Mountain Did not have activator set in SpellAbilityRestriction.canPlay()
Game Outcome: Match Duration 0m : 00s
Game Outcome: Turn 8
Game Outcome: Ai(1)-ST Balance Drop Pod No Ping has won because all opponents have lost
Game Outcome: Ai(2)-Benchmark Red Forge has lost because life total reached 0
Match Result: Ai(1)-ST Balance Drop Pod No Ping: 66 Ai(2)-Benchmark Red Forge: 35 

Game Result: Game 101 ended in 499 ms. Ai(1)-ST Balance Drop Pod No Ping has won!

Mountain Did not have activator set in SpellAbilityRestriction.canPlay()
Lava Axe Did not have activator set in SpellAbilityRestriction.canPlay()
Mountain Did not have activator set in SpellAbilityRestriction.canPlay()
Hill Giant Did not have activator set in SpellAbilityRestriction.canPlay()
Game Outcome: Match Duration 0m : 00s
Game Outcome: Turn 6
Game Outcome: Ai(1)-ST Balance Drop Pod No Ping has lost because life total reached 0
Game Outcome: Ai(2)-Benchmark Red Forge has won because all opponents have lost
Match Result: Ai(1)-ST Balance Drop Pod No Ping: 66 Ai(2)-Benchmark Red Forge: 36 

Game Result: Game 102 ended in 352 ms. Ai(2)-Benchmark Red Forge has won!

Goblin Chariot Did not have activator set in SpellAbilityRestriction.canPlay()
Volcanic Hammer Did not have activator set in SpellAbilityRestriction.canPlay()
Mountain Did not have activator set in SpellAbilityRestriction.canPlay()
Game Outcome: Match Duration 0m : 00s
Game Outcome: Turn 6
Game Outcome: Ai(1)-ST Balance Drop Pod No Ping has lost because life total reached 0
Game Outcome: Ai(2)-Benchmark Red Forge has won because all opponents have lost
Match Result: Ai(1)-ST Balance Drop Pod No Ping: 66 Ai(2)-Benchmark Red Forge: 37 

Game Result: Game 103 ended in 373 ms. Ai(2)-Benchmark Red Forge has won!

Mountain Did not have activator set in SpellAbilityRestriction.canPlay()
Hill Giant Did not have activator set in SpellAbilityRestriction.canPlay()
Mountain Did not have activator set in SpellAbilityRestriction.canPlay()
Lightning Strike Did not have activator set in SpellAbilityRestriction.canPlay()
Game Outcome: Match Duration 0m : 00s
Game Outcome: Turn 9
Game Outcome: Ai(1)-ST Balance Drop Pod No Ping has won because all opponents have lost
Game Outcome: Ai(2)-Benchmark Red Forge has lost because life total reached 0
Match Result: Ai(1)-ST Balance Drop Pod No Ping: 67 Ai(2)-Benchmark Red Forge: 37 

Game Result: Game 104 ended in 465 ms. Ai(1)-ST Balance Drop Pod No Ping has won!

Mountain Did not have activator set in SpellAbilityRestriction.canPlay()
Mountain Did not have activator set in SpellAbilityRestriction.canPlay()
Mountain Did not have activator set in SpellAbilityRestriction.canPlay()
Hill Giant Did not have activator set in SpellAbilityRestriction.canPlay()
Game Outcome: Match Duration 0m : 00s
Game Outcome: Turn 7
Game Outcome: Ai(1)-ST Balance Drop Pod No Ping has lost because life total reached 0
Game Outcome: Ai(2)-Benchmark Red Forge has won because all opponents have lost
Match Result: Ai(1)-ST Balance Drop Pod No Ping: 67 Ai(2)-Benchmark Red Forge: 38 

Game Result: Game 105 ended in 499 ms. Ai(2)-Benchmark Red Forge has won!

Raging Goblin Did not have activator set in SpellAbilityRestriction.canPlay()
Mountain Did not have activator set in SpellAbilityRestriction.canPlay()
Mountain Did not have activator set in SpellAbilityRestriction.canPlay()
Mountain Did not have activator set in SpellAbilityRestriction.canPlay()
Mountain Did not have activator set in SpellAbilityRestriction.canPlay()
Game Outcome: Match Duration 0m : 00s
Game Outcome: Turn 8
Game Outcome: Ai(1)-ST Balance Drop Pod No Ping has won because all opponents have lost
Game Outcome: Ai(2)-Benchmark Red Forge has lost because life total reached 0
Match Result: Ai(1)-ST Balance Drop Pod No Ping: 68 Ai(2)-Benchmark Red Forge: 38 

Game Result: Game 106 ended in 480 ms. Ai(1)-ST Balance Drop Pod No Ping has won!

Game Outcome: Match Duration 0m : 00s
Game Outcome: Turn 11
Game Outcome: Ai(1)-ST Balance Drop Pod No Ping has won because all opponents have lost
Game Outcome: Ai(2)-Benchmark Red Forge has lost because life total reached 0
Match Result: Ai(1)-ST Balance Drop Pod No Ping: 69 Ai(2)-Benchmark Red Forge: 38 

Game Result: Game 107 ended in 1166 ms. Ai(1)-ST Balance Drop Pod No Ping has won!

Mountain Did not have activator set in SpellAbilityRestriction.canPlay()
Mountain Did not have activator set in SpellAbilityRestriction.canPlay()
Mountain Did not have activator set in SpellAbilityRestriction.canPlay()
Mountain Did not have activator set in SpellAbilityRestriction.canPlay()
Goblin Piker Did not have activator set in SpellAbilityRestriction.canPlay()
Mountain Did not have activator set in SpellAbilityRestriction.canPlay()
Game Outcome: Match Duration 0m : 00s
Game Outcome: Turn 9
Game Outcome: Ai(1)-ST Balance Drop Pod No Ping has won because all opponents have lost
Game Outcome: Ai(2)-Benchmark Red Forge has lost because life total reached 0
Match Result: Ai(1)-ST Balance Drop Pod No Ping: 70 Ai(2)-Benchmark Red Forge: 38 

Game Result: Game 108 ended in 727 ms. Ai(1)-ST Balance Drop Pod No Ping has won!

Mountain Did not have activator set in SpellAbilityRestriction.canPlay()
Mountain Did not have activator set in SpellAbilityRestriction.canPlay()
Mountain Did not have activator set in SpellAbilityRestriction.canPlay()
Mountain Did not have activator set in SpellAbilityRestriction.canPlay()
Mountain Did not have activator set in SpellAbilityRestriction.canPlay()
Game Outcome: Match Duration 0m : 00s
Game Outcome: Turn 7
Game Outcome: Ai(1)-ST Balance Drop Pod No Ping has won because all opponents have lost
Game Outcome: Ai(2)-Benchmark Red Forge has lost because life total reached 0
Match Result: Ai(1)-ST Balance Drop Pod No Ping: 71 Ai(2)-Benchmark Red Forge: 38 

Game Result: Game 109 ended in 426 ms. Ai(1)-ST Balance Drop Pod No Ping has won!

Game Outcome: Match Duration 0m : 00s
Game Outcome: Turn 10
Game Outcome: Ai(1)-ST Balance Drop Pod No Ping has lost because life total reached 0
Game Outcome: Ai(2)-Benchmark Red Forge has won because all opponents have lost
Match Result: Ai(1)-ST Balance Drop Pod No Ping: 71 Ai(2)-Benchmark Red Forge: 39 

Game Result: Game 110 ended in 864 ms. Ai(2)-Benchmark Red Forge has won!

Mountain Did not have activator set in SpellAbilityRestriction.canPlay()
Lightning Elemental Did not have activator set in SpellAbilityRestriction.canPlay()
Lightning Strike Did not have activator set in SpellAbilityRestriction.canPlay()
Hill Giant Did not have activator set in SpellAbilityRestriction.canPlay()
Game Outcome: Match Duration 0m : 00s
Game Outcome: Turn 8
Game Outcome: Ai(1)-ST Balance Drop Pod No Ping has won because all opponents have lost
Game Outcome: Ai(2)-Benchmark Red Forge has lost because life total reached 0
Match Result: Ai(1)-ST Balance Drop Pod No Ping: 72 Ai(2)-Benchmark Red Forge: 39 

Game Result: Game 111 ended in 547 ms. Ai(1)-ST Balance Drop Pod No Ping has won!

Game Outcome: Match Duration 0m : 00s
Game Outcome: Turn 6
Game Outcome: Ai(1)-ST Balance Drop Pod No Ping has lost because life total reached 0
Game Outcome: Ai(2)-Benchmark Red Forge has won because all opponents have lost
Match Result: Ai(1)-ST Balance Drop Pod No Ping: 72 Ai(2)-Benchmark Red Forge: 40 

Game Result: Game 112 ended in 376 ms. Ai(2)-Benchmark Red Forge has won!

Game Outcome: Match Duration 0m : 00s
Game Outcome: Turn 9
Game Outcome: Ai(1)-ST Balance Drop Pod No Ping has won because all opponents have lost
Game Outcome: Ai(2)-Benchmark Red Forge has lost because life total reached 0
Match Result: Ai(1)-ST Balance Drop Pod No Ping: 73 Ai(2)-Benchmark Red Forge: 40 

Game Result: Game 113 ended in 571 ms. Ai(1)-ST Balance Drop Pod No Ping has won!

Game Outcome: Match Duration 0m : 00s
Game Outcome: Turn 10
Game Outcome: Ai(1)-ST Balance Drop Pod No Ping has won because all opponents have lost
Game Outcome: Ai(2)-Benchmark Red Forge has lost because life total reached 0
Match Result: Ai(1)-ST Balance Drop Pod No Ping: 74 Ai(2)-Benchmark Red Forge: 40 

Game Result: Game 114 ended in 633 ms. Ai(1)-ST Balance Drop Pod No Ping has won!

Mountain Did not have activator set in SpellAbilityRestriction.canPlay()
Lightning Strike Did not have activator set in SpellAbilityRestriction.canPlay()
Shock Did not have activator set in SpellAbilityRestriction.canPlay()
Game Outcome: Match Duration 0m : 00s
Game Outcome: Turn 11
Game Outcome: Ai(1)-ST Balance Drop Pod No Ping has won because all opponents have lost
Game Outcome: Ai(2)-Benchmark Red Forge has lost because life total reached 0
Match Result: Ai(1)-ST Balance Drop Pod No Ping: 75 Ai(2)-Benchmark Red Forge: 40 

Game Result: Game 115 ended in 662 ms. Ai(1)-ST Balance Drop Pod No Ping has won!

Mountain Did not have activator set in SpellAbilityRestriction.canPlay()
Goblin Chariot Did not have activator set in SpellAbilityRestriction.canPlay()
Mountain Did not have activator set in SpellAbilityRestriction.canPlay()
Game Outcome: Match Duration 0m : 00s
Game Outcome: Turn 10
Game Outcome: Ai(1)-ST Balance Drop Pod No Ping has won because all opponents have lost
Game Outcome: Ai(2)-Benchmark Red Forge has lost because life total reached 0
Match Result: Ai(1)-ST Balance Drop Pod No Ping: 76 Ai(2)-Benchmark Red Forge: 40 

Game Result: Game 116 ended in 577 ms. Ai(1)-ST Balance Drop Pod No Ping has won!

Game Outcome: Match Duration 0m : 00s
Game Outcome: Turn 9
Game Outcome: Ai(1)-ST Balance Drop Pod No Ping has lost because life total reached 0
Game Outcome: Ai(2)-Benchmark Red Forge has won because all opponents have lost
Match Result: Ai(1)-ST Balance Drop Pod No Ping: 76 Ai(2)-Benchmark Red Forge: 41 

Game Result: Game 117 ended in 770 ms. Ai(2)-Benchmark Red Forge has won!

Game Outcome: Match Duration 0m : 00s
Game Outcome: Turn 9
Game Outcome: Ai(1)-ST Balance Drop Pod No Ping has won because all opponents have lost
Game Outcome: Ai(2)-Benchmark Red Forge has lost because life total reached 0
Match Result: Ai(1)-ST Balance Drop Pod No Ping: 77 Ai(2)-Benchmark Red Forge: 41 

Game Result: Game 118 ended in 541 ms. Ai(1)-ST Balance Drop Pod No Ping has won!

Game Outcome: Match Duration 0m : 00s
Game Outcome: Turn 7
Game Outcome: Ai(1)-ST Balance Drop Pod No Ping has lost because life total reached 0
Game Outcome: Ai(2)-Benchmark Red Forge has won because all opponents have lost
Match Result: Ai(1)-ST Balance Drop Pod No Ping: 77 Ai(2)-Benchmark Red Forge: 42 

Game Result: Game 119 ended in 536 ms. Ai(2)-Benchmark Red Forge has won!

Mountain Did not have activator set in SpellAbilityRestriction.canPlay()
Mountain Did not have activator set in SpellAbilityRestriction.canPlay()
Game Outcome: Match Duration 0m : 00s
Game Outcome: Turn 11
Game Outcome: Ai(1)-ST Balance Drop Pod No Ping has won because all opponents have lost
Game Outcome: Ai(2)-Benchmark Red Forge has lost because life total reached 0
Match Result: Ai(1)-ST Balance Drop Pod No Ping: 78 Ai(2)-Benchmark Red Forge: 42 

Game Result: Game 120 ended in 518 ms. Ai(1)-ST Balance Drop Pod No Ping has won!

Mountain Did not have activator set in SpellAbilityRestriction.canPlay()
Lava Axe Did not have activator set in SpellAbilityRestriction.canPlay()
Game Outcome: Match Duration 0m : 00s
Game Outcome: Turn 8
Game Outcome: Ai(1)-ST Balance Drop Pod No Ping has won because all opponents have lost
Game Outcome: Ai(2)-Benchmark Red Forge has lost because life total reached 0
Match Result: Ai(1)-ST Balance Drop Pod No Ping: 79 Ai(2)-Benchmark Red Forge: 42 

Game Result: Game 121 ended in 523 ms. Ai(1)-ST Balance Drop Pod No Ping has won!

Mountain Did not have activator set in SpellAbilityRestriction.canPlay()
Game Outcome: Match Duration 0m : 00s
Game Outcome: Turn 5
Game Outcome: Ai(1)-ST Balance Drop Pod No Ping has lost because life total reached 0
Game Outcome: Ai(2)-Benchmark Red Forge has won because all opponents have lost
Match Result: Ai(1)-ST Balance Drop Pod No Ping: 79 Ai(2)-Benchmark Red Forge: 43 

Game Result: Game 122 ended in 282 ms. Ai(2)-Benchmark Red Forge has won!

Mountain Did not have activator set in SpellAbilityRestriction.canPlay()
Volcanic Hammer Did not have activator set in SpellAbilityRestriction.canPlay()
Game Outcome: Match Duration 0m : 00s
Game Outcome: Turn 6
Game Outcome: Ai(1)-ST Balance Drop Pod No Ping has lost because life total reached 0
Game Outcome: Ai(2)-Benchmark Red Forge has won because all opponents have lost
Match Result: Ai(1)-ST Balance Drop Pod No Ping: 79 Ai(2)-Benchmark Red Forge: 44 

Game Result: Game 123 ended in 414 ms. Ai(2)-Benchmark Red Forge has won!

Hill Giant Did not have activator set in SpellAbilityRestriction.canPlay()
Hill Giant Did not have activator set in SpellAbilityRestriction.canPlay()
Volcanic Hammer Did not have activator set in SpellAbilityRestriction.canPlay()
Game Outcome: Match Duration 0m : 00s
Game Outcome: Turn 8
Game Outcome: Ai(1)-ST Balance Drop Pod No Ping has won because all opponents have lost
Game Outcome: Ai(2)-Benchmark Red Forge has lost because life total reached 0
Match Result: Ai(1)-ST Balance Drop Pod No Ping: 80 Ai(2)-Benchmark Red Forge: 44 

Game Result: Game 124 ended in 426 ms. Ai(1)-ST Balance Drop Pod No Ping has won!

Mountain Did not have activator set in SpellAbilityRestriction.canPlay()
Goblin Chariot Did not have activator set in SpellAbilityRestriction.canPlay()
Mountain Did not have activator set in SpellAbilityRestriction.canPlay()
Game Outcome: Match Duration 0m : 00s
Game Outcome: Turn 8
Game Outcome: Ai(1)-ST Balance Drop Pod No Ping has lost because life total reached 0
Game Outcome: Ai(2)-Benchmark Red Forge has won because all opponents have lost
Match Result: Ai(1)-ST Balance Drop Pod No Ping: 80 Ai(2)-Benchmark Red Forge: 45 

Game Result: Game 125 ended in 569 ms. Ai(2)-Benchmark Red Forge has won!

Volcanic Hammer Did not have activator set in SpellAbilityRestriction.canPlay()
Lightning Elemental Did not have activator set in SpellAbilityRestriction.canPlay()
Lightning Elemental Did not have activator set in SpellAbilityRestriction.canPlay()
Game Outcome: Match Duration 0m : 00s
Game Outcome: Turn 9
Game Outcome: Ai(1)-ST Balance Drop Pod No Ping has won because all opponents have lost
Game Outcome: Ai(2)-Benchmark Red Forge has lost because life total reached 0
Match Result: Ai(1)-ST Balance Drop Pod No Ping: 81 Ai(2)-Benchmark Red Forge: 45 

Game Result: Game 126 ended in 660 ms. Ai(1)-ST Balance Drop Pod No Ping has won!

Volcanic Hammer Did not have activator set in SpellAbilityRestriction.canPlay()
Game Outcome: Match Duration 0m : 00s
Game Outcome: Turn 9
Game Outcome: Ai(1)-ST Balance Drop Pod No Ping has won because all opponents have lost
Game Outcome: Ai(2)-Benchmark Red Forge has lost because life total reached 0
Match Result: Ai(1)-ST Balance Drop Pod No Ping: 82 Ai(2)-Benchmark Red Forge: 45 

Game Result: Game 127 ended in 429 ms. Ai(1)-ST Balance Drop Pod No Ping has won!

Mountain Did not have activator set in SpellAbilityRestriction.canPlay()
Mountain Did not have activator set in SpellAbilityRestriction.canPlay()
Mountain Did not have activator set in SpellAbilityRestriction.canPlay()
Game Outcome: Match Duration 0m : 00s
Game Outcome: Turn 11
Game Outcome: Ai(1)-ST Balance Drop Pod No Ping has lost because life total reached 0
Game Outcome: Ai(2)-Benchmark Red Forge has won because all opponents have lost
Match Result: Ai(1)-ST Balance Drop Pod No Ping: 82 Ai(2)-Benchmark Red Forge: 46 

Game Result: Game 128 ended in 647 ms. Ai(2)-Benchmark Red Forge has won!

Mountain Did not have activator set in SpellAbilityRestriction.canPlay()
Game Outcome: Match Duration 0m : 00s
Game Outcome: Turn 8
Game Outcome: Ai(1)-ST Balance Drop Pod No Ping has won because all opponents have lost
Game Outcome: Ai(2)-Benchmark Red Forge has lost because life total reached 0
Match Result: Ai(1)-ST Balance Drop Pod No Ping: 83 Ai(2)-Benchmark Red Forge: 46 

Game Result: Game 129 ended in 497 ms. Ai(1)-ST Balance Drop Pod No Ping has won!

Goblin Chariot Did not have activator set in SpellAbilityRestriction.canPlay()
Lava Axe Did not have activator set in SpellAbilityRestriction.canPlay()
Game Outcome: Match Duration 0m : 00s
Game Outcome: Turn 10
Game Outcome: Ai(1)-ST Balance Drop Pod No Ping has won because all opponents have lost
Game Outcome: Ai(2)-Benchmark Red Forge has lost because life total reached 0
Match Result: Ai(1)-ST Balance Drop Pod No Ping: 84 Ai(2)-Benchmark Red Forge: 46 

Game Result: Game 130 ended in 775 ms. Ai(1)-ST Balance Drop Pod No Ping has won!

Lava Axe Did not have activator set in SpellAbilityRestriction.canPlay()
Game Outcome: Match Duration 0m : 00s
Game Outcome: Turn 6
Game Outcome: Ai(1)-ST Balance Drop Pod No Ping has lost because life total reached 0
Game Outcome: Ai(2)-Benchmark Red Forge has won because all opponents have lost
Match Result: Ai(1)-ST Balance Drop Pod No Ping: 84 Ai(2)-Benchmark Red Forge: 47 

Game Result: Game 131 ended in 361 ms. Ai(2)-Benchmark Red Forge has won!

Mountain Did not have activator set in SpellAbilityRestriction.canPlay()
Mountain Did not have activator set in SpellAbilityRestriction.canPlay()
Game Outcome: Match Duration 0m : 00s
Game Outcome: Turn 12
Game Outcome: Ai(1)-ST Balance Drop Pod No Ping has won because all opponents have lost
Game Outcome: Ai(2)-Benchmark Red Forge has lost because life total reached 0
Match Result: Ai(1)-ST Balance Drop Pod No Ping: 85 Ai(2)-Benchmark Red Forge: 47 

Game Result: Game 132 ended in 831 ms. Ai(1)-ST Balance Drop Pod No Ping has won!

Goblin Chariot Did not have activator set in SpellAbilityRestriction.canPlay()
Game Outcome: Match Duration 0m : 01s
Game Outcome: Turn 11
Game Outcome: Ai(1)-ST Balance Drop Pod No Ping has won because all opponents have lost
Game Outcome: Ai(2)-Benchmark Red Forge has lost because life total reached 0
Match Result: Ai(1)-ST Balance Drop Pod No Ping: 86 Ai(2)-Benchmark Red Forge: 47 

Game Result: Game 133 ended in 1151 ms. Ai(1)-ST Balance Drop Pod No Ping has won!

Mountain Did not have activator set in SpellAbilityRestriction.canPlay()
Hill Giant Did not have activator set in SpellAbilityRestriction.canPlay()
Mountain Did not have activator set in SpellAbilityRestriction.canPlay()
Mountain Did not have activator set in SpellAbilityRestriction.canPlay()
Game Outcome: Match Duration 0m : 00s
Game Outcome: Turn 9
Game Outcome: Ai(1)-ST Balance Drop Pod No Ping has won because all opponents have lost
Game Outcome: Ai(2)-Benchmark Red Forge has lost because life total reached 0
Match Result: Ai(1)-ST Balance Drop Pod No Ping: 87 Ai(2)-Benchmark Red Forge: 47 

Game Result: Game 134 ended in 458 ms. Ai(1)-ST Balance Drop Pod No Ping has won!

Mountain Did not have activator set in SpellAbilityRestriction.canPlay()
Hill Giant Did not have activator set in SpellAbilityRestriction.canPlay()
Volcanic Hammer Did not have activator set in SpellAbilityRestriction.canPlay()
Lava Axe Did not have activator set in SpellAbilityRestriction.canPlay()
Game Outcome: Match Duration 0m : 00s
Game Outcome: Turn 7
Game Outcome: Ai(1)-ST Balance Drop Pod No Ping has lost because life total reached 0
Game Outcome: Ai(2)-Benchmark Red Forge has won because all opponents have lost
Match Result: Ai(1)-ST Balance Drop Pod No Ping: 87 Ai(2)-Benchmark Red Forge: 48 

Game Result: Game 135 ended in 538 ms. Ai(2)-Benchmark Red Forge has won!

Game Outcome: Match Duration 0m : 00s
Game Outcome: Turn 11
Game Outcome: Ai(1)-ST Balance Drop Pod No Ping has won because all opponents have lost
Game Outcome: Ai(2)-Benchmark Red Forge has lost because life total reached 0
Match Result: Ai(1)-ST Balance Drop Pod No Ping: 88 Ai(2)-Benchmark Red Forge: 48 

Game Result: Game 136 ended in 1067 ms. Ai(1)-ST Balance Drop Pod No Ping has won!

Goblin Chariot Did not have activator set in SpellAbilityRestriction.canPlay()
Goblin Chariot Did not have activator set in SpellAbilityRestriction.canPlay()
Mountain Did not have activator set in SpellAbilityRestriction.canPlay()
Game Outcome: Match Duration 0m : 00s
Game Outcome: Turn 7
Game Outcome: Ai(1)-ST Balance Drop Pod No Ping has won because all opponents have lost
Game Outcome: Ai(2)-Benchmark Red Forge has lost because life total reached 0
Match Result: Ai(1)-ST Balance Drop Pod No Ping: 89 Ai(2)-Benchmark Red Forge: 48 

Game Result: Game 137 ended in 413 ms. Ai(1)-ST Balance Drop Pod No Ping has won!

Mountain Did not have activator set in SpellAbilityRestriction.canPlay()
Game Outcome: Match Duration 0m : 00s
Game Outcome: Turn 6
Game Outcome: Ai(1)-ST Balance Drop Pod No Ping has lost because life total reached 0
Game Outcome: Ai(2)-Benchmark Red Forge has won because all opponents have lost
Match Result: Ai(1)-ST Balance Drop Pod No Ping: 89 Ai(2)-Benchmark Red Forge: 49 

Game Result: Game 138 ended in 325 ms. Ai(2)-Benchmark Red Forge has won!

Mountain Did not have activator set in SpellAbilityRestriction.canPlay()
Raging Goblin Did not have activator set in SpellAbilityRestriction.canPlay()
Mountain Did not have activator set in SpellAbilityRestriction.canPlay()
Goblin Piker Did not have activator set in SpellAbilityRestriction.canPlay()
Game Outcome: Match Duration 0m : 00s
Game Outcome: Turn 10
Game Outcome: Ai(1)-ST Balance Drop Pod No Ping has won because all opponents have lost
Game Outcome: Ai(2)-Benchmark Red Forge has lost because life total reached 0
Match Result: Ai(1)-ST Balance Drop Pod No Ping: 90 Ai(2)-Benchmark Red Forge: 49 

Game Result: Game 139 ended in 679 ms. Ai(1)-ST Balance Drop Pod No Ping has won!

Goblin Piker Did not have activator set in SpellAbilityRestriction.canPlay()
Goblin Chariot Did not have activator set in SpellAbilityRestriction.canPlay()
Game Outcome: Match Duration 0m : 00s
Game Outcome: Turn 6
Game Outcome: Ai(1)-ST Balance Drop Pod No Ping has lost because life total reached 0
Game Outcome: Ai(2)-Benchmark Red Forge has won because all opponents have lost
Match Result: Ai(1)-ST Balance Drop Pod No Ping: 90 Ai(2)-Benchmark Red Forge: 50 

Game Result: Game 140 ended in 322 ms. Ai(2)-Benchmark Red Forge has won!

Mountain Did not have activator set in SpellAbilityRestriction.canPlay()
Mountain Did not have activator set in SpellAbilityRestriction.canPlay()
Mountain Did not have activator set in SpellAbilityRestriction.canPlay()
Mountain Did not have activator set in SpellAbilityRestriction.canPlay()
Mountain Did not have activator set in SpellAbilityRestriction.canPlay()
Game Outcome: Match Duration 0m : 00s
Game Outcome: Turn 11
Game Outcome: Ai(1)-ST Balance Drop Pod No Ping has won because all opponents have lost
Game Outcome: Ai(2)-Benchmark Red Forge has lost because life total reached 0
Match Result: Ai(1)-ST Balance Drop Pod No Ping: 91 Ai(2)-Benchmark Red Forge: 50 

Game Result: Game 141 ended in 758 ms. Ai(1)-ST Balance Drop Pod No Ping has won!

Mountain Did not have activator set in SpellAbilityRestriction.canPlay()
Mountain Did not have activator set in SpellAbilityRestriction.canPlay()
Mountain Did not have activator set in SpellAbilityRestriction.canPlay()
Lightning Elemental Did not have activator set in SpellAbilityRestriction.canPlay()
Hill Giant Did not have activator set in SpellAbilityRestriction.canPlay()
Game Outcome: Match Duration 0m : 00s
Game Outcome: Turn 6
Game Outcome: Ai(1)-ST Balance Drop Pod No Ping has lost because life total reached 0
Game Outcome: Ai(2)-Benchmark Red Forge has won because all opponents have lost
Match Result: Ai(1)-ST Balance Drop Pod No Ping: 91 Ai(2)-Benchmark Red Forge: 51 

Game Result: Game 142 ended in 415 ms. Ai(2)-Benchmark Red Forge has won!

Mountain Did not have activator set in SpellAbilityRestriction.canPlay()
Goblin Piker Did not have activator set in SpellAbilityRestriction.canPlay()
Mountain Did not have activator set in SpellAbilityRestriction.canPlay()
Mountain Did not have activator set in SpellAbilityRestriction.canPlay()
Game Outcome: Match Duration 0m : 01s
Game Outcome: Turn 16
Game Outcome: Ai(1)-ST Balance Drop Pod No Ping has won because all opponents have lost
Game Outcome: Ai(2)-Benchmark Red Forge has lost because life total reached 0
Match Result: Ai(1)-ST Balance Drop Pod No Ping: 92 Ai(2)-Benchmark Red Forge: 51 

Game Result: Game 143 ended in 1610 ms. Ai(1)-ST Balance Drop Pod No Ping has won!

Game Outcome: Match Duration 0m : 00s
Game Outcome: Turn 10
Game Outcome: Ai(1)-ST Balance Drop Pod No Ping has won because all opponents have lost
Game Outcome: Ai(2)-Benchmark Red Forge has lost because life total reached 0
Match Result: Ai(1)-ST Balance Drop Pod No Ping: 93 Ai(2)-Benchmark Red Forge: 51 

Game Result: Game 144 ended in 707 ms. Ai(1)-ST Balance Drop Pod No Ping has won!

Mountain Did not have activator set in SpellAbilityRestriction.canPlay()
Mountain Did not have activator set in SpellAbilityRestriction.canPlay()
Goblin Piker Did not have activator set in SpellAbilityRestriction.canPlay()
Game Outcome: Match Duration 0m : 00s
Game Outcome: Turn 9
Game Outcome: Ai(1)-ST Balance Drop Pod No Ping has won because all opponents have lost
Game Outcome: Ai(2)-Benchmark Red Forge has lost because life total reached 0
Match Result: Ai(1)-ST Balance Drop Pod No Ping: 94 Ai(2)-Benchmark Red Forge: 51 

Game Result: Game 145 ended in 547 ms. Ai(1)-ST Balance Drop Pod No Ping has won!

Mountain Did not have activator set in SpellAbilityRestriction.canPlay()
Game Outcome: Match Duration 0m : 00s
Game Outcome: Turn 8
Game Outcome: Ai(1)-ST Balance Drop Pod No Ping has won because all opponents have lost
Game Outcome: Ai(2)-Benchmark Red Forge has lost because life total reached 0
Match Result: Ai(1)-ST Balance Drop Pod No Ping: 95 Ai(2)-Benchmark Red Forge: 51 

Game Result: Game 146 ended in 617 ms. Ai(1)-ST Balance Drop Pod No Ping has won!

Mountain Did not have activator set in SpellAbilityRestriction.canPlay()
Raging Goblin Did not have activator set in SpellAbilityRestriction.canPlay()
Shock Did not have activator set in SpellAbilityRestriction.canPlay()
Game Outcome: Match Duration 0m : 00s
Game Outcome: Turn 10
Game Outcome: Ai(1)-ST Balance Drop Pod No Ping has won because all opponents have lost
Game Outcome: Ai(2)-Benchmark Red Forge has lost because life total reached 0
Match Result: Ai(1)-ST Balance Drop Pod No Ping: 96 Ai(2)-Benchmark Red Forge: 51 

Game Result: Game 147 ended in 715 ms. Ai(1)-ST Balance Drop Pod No Ping has won!

Mountain Did not have activator set in SpellAbilityRestriction.canPlay()
Shock Did not have activator set in SpellAbilityRestriction.canPlay()
Game Outcome: Match Duration 0m : 00s
Game Outcome: Turn 10
Game Outcome: Ai(1)-ST Balance Drop Pod No Ping has won because all opponents have lost
Game Outcome: Ai(2)-Benchmark Red Forge has lost because life total reached 0
Match Result: Ai(1)-ST Balance Drop Pod No Ping: 97 Ai(2)-Benchmark Red Forge: 51 

Game Result: Game 148 ended in 650 ms. Ai(1)-ST Balance Drop Pod No Ping has won!

Mountain Did not have activator set in SpellAbilityRestriction.canPlay()
Raging Goblin Did not have activator set in SpellAbilityRestriction.canPlay()
Mountain Did not have activator set in SpellAbilityRestriction.canPlay()
Mountain Did not have activator set in SpellAbilityRestriction.canPlay()
Lava Axe Did not have activator set in SpellAbilityRestriction.canPlay()
Game Outcome: Match Duration 0m : 00s
Game Outcome: Turn 8
Game Outcome: Ai(1)-ST Balance Drop Pod No Ping has won because all opponents have lost
Game Outcome: Ai(2)-Benchmark Red Forge has lost because life total reached 0
Match Result: Ai(1)-ST Balance Drop Pod No Ping: 98 Ai(2)-Benchmark Red Forge: 51 

Game Result: Game 149 ended in 513 ms. Ai(1)-ST Balance Drop Pod No Ping has won!

Lava Axe Did not have activator set in SpellAbilityRestriction.canPlay()
Mountain Did not have activator set in SpellAbilityRestriction.canPlay()
Mountain Did not have activator set in SpellAbilityRestriction.canPlay()
Mountain Did not have activator set in SpellAbilityRestriction.canPlay()
Game Outcome: Match Duration 0m : 00s
Game Outcome: Turn 7
Game Outcome: Ai(1)-ST Balance Drop Pod No Ping has won because all opponents have lost
Game Outcome: Ai(2)-Benchmark Red Forge has lost because life total reached 0
Match Result: Ai(1)-ST Balance Drop Pod No Ping: 99 Ai(2)-Benchmark Red Forge: 51 

Game Result: Game 150 ended in 406 ms. Ai(1)-ST Balance Drop Pod No Ping has won!

Mountain Did not have activator set in SpellAbilityRestriction.canPlay()
Hill Giant Did not have activator set in SpellAbilityRestriction.canPlay()
Mountain Did not have activator set in SpellAbilityRestriction.canPlay()
Mountain Did not have activator set in SpellAbilityRestriction.canPlay()
Volcanic Hammer Did not have activator set in SpellAbilityRestriction.canPlay()
Game Outcome: Match Duration 0m : 01s
Game Outcome: Turn 13
Game Outcome: Ai(1)-ST Balance Drop Pod No Ping has won because all opponents have lost
Game Outcome: Ai(2)-Benchmark Red Forge has lost because life total reached 0
Match Result: Ai(1)-ST Balance Drop Pod No Ping: 100 Ai(2)-Benchmark Red Forge: 51 

Game Result: Game 151 ended in 1541 ms. Ai(1)-ST Balance Drop Pod No Ping has won!

Mountain Did not have activator set in SpellAbilityRestriction.canPlay()
Mountain Did not have activator set in SpellAbilityRestriction.canPlay()
Hill Giant Did not have activator set in SpellAbilityRestriction.canPlay()
Game Outcome: Match Duration 0m : 00s
Game Outcome: Turn 8
Game Outcome: Ai(1)-ST Balance Drop Pod No Ping has won because all opponents have lost
Game Outcome: Ai(2)-Benchmark Red Forge has lost because life total reached 0
Match Result: Ai(1)-ST Balance Drop Pod No Ping: 101 Ai(2)-Benchmark Red Forge: 51 

Game Result: Game 152 ended in 520 ms. Ai(1)-ST Balance Drop Pod No Ping has won!

Raging Goblin Did not have activator set in SpellAbilityRestriction.canPlay()
Shock Did not have activator set in SpellAbilityRestriction.canPlay()
Shock Did not have activator set in SpellAbilityRestriction.canPlay()
Game Outcome: Match Duration 0m : 00s
Game Outcome: Turn 9
Game Outcome: Ai(1)-ST Balance Drop Pod No Ping has won because all opponents have lost
Game Outcome: Ai(2)-Benchmark Red Forge has lost because life total reached 0
Match Result: Ai(1)-ST Balance Drop Pod No Ping: 102 Ai(2)-Benchmark Red Forge: 51 

Game Result: Game 153 ended in 542 ms. Ai(1)-ST Balance Drop Pod No Ping has won!

Hill Giant Did not have activator set in SpellAbilityRestriction.canPlay()
Game Outcome: Match Duration 0m : 00s
Game Outcome: Turn 7
Game Outcome: Ai(1)-ST Balance Drop Pod No Ping has won because all opponents have lost
Game Outcome: Ai(2)-Benchmark Red Forge has lost because life total reached 0
Match Result: Ai(1)-ST Balance Drop Pod No Ping: 103 Ai(2)-Benchmark Red Forge: 51 

Game Result: Game 154 ended in 593 ms. Ai(1)-ST Balance Drop Pod No Ping has won!

Mountain Did not have activator set in SpellAbilityRestriction.canPlay()
Lightning Strike Did not have activator set in SpellAbilityRestriction.canPlay()
Game Outcome: Match Duration 0m : 00s
Game Outcome: Turn 10
Game Outcome: Ai(1)-ST Balance Drop Pod No Ping has won because all opponents have lost
Game Outcome: Ai(2)-Benchmark Red Forge has lost because life total reached 0
Match Result: Ai(1)-ST Balance Drop Pod No Ping: 104 Ai(2)-Benchmark Red Forge: 51 

Game Result: Game 155 ended in 880 ms. Ai(1)-ST Balance Drop Pod No Ping has won!

Mountain Did not have activator set in SpellAbilityRestriction.canPlay()
Mountain Did not have activator set in SpellAbilityRestriction.canPlay()
Game Outcome: Match Duration 0m : 00s
Game Outcome: Turn 7
Game Outcome: Ai(1)-ST Balance Drop Pod No Ping has lost because life total reached 0
Game Outcome: Ai(2)-Benchmark Red Forge has won because all opponents have lost
Match Result: Ai(1)-ST Balance Drop Pod No Ping: 104 Ai(2)-Benchmark Red Forge: 52 

Game Result: Game 156 ended in 406 ms. Ai(2)-Benchmark Red Forge has won!

Mountain Did not have activator set in SpellAbilityRestriction.canPlay()
Goblin Chariot Did not have activator set in SpellAbilityRestriction.canPlay()
Mountain Did not have activator set in SpellAbilityRestriction.canPlay()
Game Outcome: Match Duration 0m : 00s
Game Outcome: Turn 6
Game Outcome: Ai(1)-ST Balance Drop Pod No Ping has lost because life total reached 0
Game Outcome: Ai(2)-Benchmark Red Forge has won because all opponents have lost
Match Result: Ai(1)-ST Balance Drop Pod No Ping: 104 Ai(2)-Benchmark Red Forge: 53 

Game Result: Game 157 ended in 432 ms. Ai(2)-Benchmark Red Forge has won!

Mountain Did not have activator set in SpellAbilityRestriction.canPlay()
Game Outcome: Match Duration 0m : 00s
Game Outcome: Turn 8
Game Outcome: Ai(1)-ST Balance Drop Pod No Ping has won because all opponents have lost
Game Outcome: Ai(2)-Benchmark Red Forge has lost because life total reached 0
Match Result: Ai(1)-ST Balance Drop Pod No Ping: 105 Ai(2)-Benchmark Red Forge: 53 

Game Result: Game 158 ended in 471 ms. Ai(1)-ST Balance Drop Pod No Ping has won!

Mountain Did not have activator set in SpellAbilityRestriction.canPlay()
Mountain Did not have activator set in SpellAbilityRestriction.canPlay()
Mountain Did not have activator set in SpellAbilityRestriction.canPlay()
Lightning Strike Did not have activator set in SpellAbilityRestriction.canPlay()
Game Outcome: Match Duration 0m : 00s
Game Outcome: Turn 8
Game Outcome: Ai(1)-ST Balance Drop Pod No Ping has won because all opponents have lost
Game Outcome: Ai(2)-Benchmark Red Forge has lost because life total reached 0
Match Result: Ai(1)-ST Balance Drop Pod No Ping: 106 Ai(2)-Benchmark Red Forge: 53 

Game Result: Game 159 ended in 509 ms. Ai(1)-ST Balance Drop Pod No Ping has won!

Mountain Did not have activator set in SpellAbilityRestriction.canPlay()
Mountain Did not have activator set in SpellAbilityRestriction.canPlay()
Mountain Did not have activator set in SpellAbilityRestriction.canPlay()
Lightning Strike Did not have activator set in SpellAbilityRestriction.canPlay()
Mountain Did not have activator set in SpellAbilityRestriction.canPlay()
Game Outcome: Match Duration 0m : 00s
Game Outcome: Turn 8
Game Outcome: Ai(1)-ST Balance Drop Pod No Ping has won because all opponents have lost
Game Outcome: Ai(2)-Benchmark Red Forge has lost because life total reached 0
Match Result: Ai(1)-ST Balance Drop Pod No Ping: 107 Ai(2)-Benchmark Red Forge: 53 

Game Result: Game 160 ended in 432 ms. Ai(1)-ST Balance Drop Pod No Ping has won!

Lightning Elemental Did not have activator set in SpellAbilityRestriction.canPlay()
Mountain Did not have activator set in SpellAbilityRestriction.canPlay()
Lava Axe Did not have activator set in SpellAbilityRestriction.canPlay()
Game Outcome: Match Duration 0m : 00s
Game Outcome: Turn 10
Game Outcome: Ai(1)-ST Balance Drop Pod No Ping has won because all opponents have lost
Game Outcome: Ai(2)-Benchmark Red Forge has lost because life total reached 0
Match Result: Ai(1)-ST Balance Drop Pod No Ping: 108 Ai(2)-Benchmark Red Forge: 53 

Game Result: Game 161 ended in 784 ms. Ai(1)-ST Balance Drop Pod No Ping has won!

Mountain Did not have activator set in SpellAbilityRestriction.canPlay()
Hill Giant Did not have activator set in SpellAbilityRestriction.canPlay()
Mountain Did not have activator set in SpellAbilityRestriction.canPlay()
Game Outcome: Match Duration 0m : 00s
Game Outcome: Turn 10
Game Outcome: Ai(1)-ST Balance Drop Pod No Ping has won because all opponents have lost
Game Outcome: Ai(2)-Benchmark Red Forge has lost because life total reached 0
Match Result: Ai(1)-ST Balance Drop Pod No Ping: 109 Ai(2)-Benchmark Red Forge: 53 

Game Result: Game 162 ended in 759 ms. Ai(1)-ST Balance Drop Pod No Ping has won!

Mountain Did not have activator set in SpellAbilityRestriction.canPlay()
Mountain Did not have activator set in SpellAbilityRestriction.canPlay()
Mountain Did not have activator set in SpellAbilityRestriction.canPlay()
Mountain Did not have activator set in SpellAbilityRestriction.canPlay()
Lightning Strike Did not have activator set in SpellAbilityRestriction.canPlay()
Game Outcome: Match Duration 0m : 00s
Game Outcome: Turn 9
Game Outcome: Ai(1)-ST Balance Drop Pod No Ping has won because all opponents have lost
Game Outcome: Ai(2)-Benchmark Red Forge has lost because life total reached 0
Match Result: Ai(1)-ST Balance Drop Pod No Ping: 110 Ai(2)-Benchmark Red Forge: 53 

Game Result: Game 163 ended in 611 ms. Ai(1)-ST Balance Drop Pod No Ping has won!

Mountain Did not have activator set in SpellAbilityRestriction.canPlay()
Mountain Did not have activator set in SpellAbilityRestriction.canPlay()
Volcanic Hammer Did not have activator set in SpellAbilityRestriction.canPlay()
Volcanic Hammer Did not have activator set in SpellAbilityRestriction.canPlay()
Game Outcome: Match Duration 0m : 00s
Game Outcome: Turn 6
Game Outcome: Ai(1)-ST Balance Drop Pod No Ping has lost because life total reached 0
Game Outcome: Ai(2)-Benchmark Red Forge has won because all opponents have lost
Match Result: Ai(1)-ST Balance Drop Pod No Ping: 110 Ai(2)-Benchmark Red Forge: 54 

Game Result: Game 164 ended in 332 ms. Ai(2)-Benchmark Red Forge has won!

Mountain Did not have activator set in SpellAbilityRestriction.canPlay()
Mountain Did not have activator set in SpellAbilityRestriction.canPlay()
Mountain Did not have activator set in SpellAbilityRestriction.canPlay()
Lava Axe Did not have activator set in SpellAbilityRestriction.canPlay()
Hill Giant Did not have activator set in SpellAbilityRestriction.canPlay()
Game Outcome: Match Duration 0m : 00s
Game Outcome: Turn 9
Game Outcome: Ai(1)-ST Balance Drop Pod No Ping has lost because life total reached 0
Game Outcome: Ai(2)-Benchmark Red Forge has won because all opponents have lost
Match Result: Ai(1)-ST Balance Drop Pod No Ping: 110 Ai(2)-Benchmark Red Forge: 55 

Game Result: Game 165 ended in 479 ms. Ai(2)-Benchmark Red Forge has won!

Lightning Strike Did not have activator set in SpellAbilityRestriction.canPlay()
Lightning Strike Did not have activator set in SpellAbilityRestriction.canPlay()
Volcanic Hammer Did not have activator set in SpellAbilityRestriction.canPlay()
Lava Axe Did not have activator set in SpellAbilityRestriction.canPlay()
Game Outcome: Match Duration 0m : 00s
Game Outcome: Turn 8
Game Outcome: Ai(1)-ST Balance Drop Pod No Ping has won because all opponents have lost
Game Outcome: Ai(2)-Benchmark Red Forge has lost because life total reached 0
Match Result: Ai(1)-ST Balance Drop Pod No Ping: 111 Ai(2)-Benchmark Red Forge: 55 

Game Result: Game 166 ended in 531 ms. Ai(1)-ST Balance Drop Pod No Ping has won!

Game Outcome: Match Duration 0m : 00s
Game Outcome: Turn 10
Game Outcome: Ai(1)-ST Balance Drop Pod No Ping has won because all opponents have lost
Game Outcome: Ai(2)-Benchmark Red Forge has lost because life total reached 0
Match Result: Ai(1)-ST Balance Drop Pod No Ping: 112 Ai(2)-Benchmark Red Forge: 55 

Game Result: Game 167 ended in 766 ms. Ai(1)-ST Balance Drop Pod No Ping has won!

Goblin Piker Did not have activator set in SpellAbilityRestriction.canPlay()
Goblin Chariot Did not have activator set in SpellAbilityRestriction.canPlay()
Game Outcome: Match Duration 0m : 00s
Game Outcome: Turn 9
Game Outcome: Ai(1)-ST Balance Drop Pod No Ping has lost because life total reached 0
Game Outcome: Ai(2)-Benchmark Red Forge has won because all opponents have lost
Match Result: Ai(1)-ST Balance Drop Pod No Ping: 112 Ai(2)-Benchmark Red Forge: 56 

Game Result: Game 168 ended in 642 ms. Ai(2)-Benchmark Red Forge has won!

Mountain Did not have activator set in SpellAbilityRestriction.canPlay()
Goblin Piker Did not have activator set in SpellAbilityRestriction.canPlay()
Mountain Did not have activator set in SpellAbilityRestriction.canPlay()
Mountain Did not have activator set in SpellAbilityRestriction.canPlay()
Game Outcome: Match Duration 0m : 00s
Game Outcome: Turn 9
Game Outcome: Ai(1)-ST Balance Drop Pod No Ping has won because all opponents have lost
Game Outcome: Ai(2)-Benchmark Red Forge has lost because life total reached 0
Match Result: Ai(1)-ST Balance Drop Pod No Ping: 113 Ai(2)-Benchmark Red Forge: 56 

Game Result: Game 169 ended in 727 ms. Ai(1)-ST Balance Drop Pod No Ping has won!

Mountain Did not have activator set in SpellAbilityRestriction.canPlay()
Mountain Did not have activator set in SpellAbilityRestriction.canPlay()
Mountain Did not have activator set in SpellAbilityRestriction.canPlay()
Game Outcome: Match Duration 0m : 00s
Game Outcome: Turn 8
Game Outcome: Ai(1)-ST Balance Drop Pod No Ping has won because all opponents have lost
Game Outcome: Ai(2)-Benchmark Red Forge has lost because life total reached 0
Match Result: Ai(1)-ST Balance Drop Pod No Ping: 114 Ai(2)-Benchmark Red Forge: 56 

Game Result: Game 170 ended in 531 ms. Ai(1)-ST Balance Drop Pod No Ping has won!

Lightning Elemental Did not have activator set in SpellAbilityRestriction.canPlay()
Mountain Did not have activator set in SpellAbilityRestriction.canPlay()
Mountain Did not have activator set in SpellAbilityRestriction.canPlay()
Lightning Elemental Did not have activator set in SpellAbilityRestriction.canPlay()
Game Outcome: Match Duration 0m : 00s
Game Outcome: Turn 8
Game Outcome: Ai(1)-ST Balance Drop Pod No Ping has won because all opponents have lost
Game Outcome: Ai(2)-Benchmark Red Forge has lost because life total reached 0
Match Result: Ai(1)-ST Balance Drop Pod No Ping: 115 Ai(2)-Benchmark Red Forge: 56 

Game Result: Game 171 ended in 508 ms. Ai(1)-ST Balance Drop Pod No Ping has won!

Game Outcome: Match Duration 0m : 00s
Game Outcome: Turn 8
Game Outcome: Ai(1)-ST Balance Drop Pod No Ping has won because all opponents have lost
Game Outcome: Ai(2)-Benchmark Red Forge has lost because life total reached 0
Match Result: Ai(1)-ST Balance Drop Pod No Ping: 116 Ai(2)-Benchmark Red Forge: 56 

Game Result: Game 172 ended in 593 ms. Ai(1)-ST Balance Drop Pod No Ping has won!

Game Outcome: Match Duration 0m : 00s
Game Outcome: Turn 8
Game Outcome: Ai(1)-ST Balance Drop Pod No Ping has won because all opponents have lost
Game Outcome: Ai(2)-Benchmark Red Forge has lost because life total reached 0
Match Result: Ai(1)-ST Balance Drop Pod No Ping: 117 Ai(2)-Benchmark Red Forge: 56 

Game Result: Game 173 ended in 524 ms. Ai(1)-ST Balance Drop Pod No Ping has won!

Goblin Piker Did not have activator set in SpellAbilityRestriction.canPlay()
Mountain Did not have activator set in SpellAbilityRestriction.canPlay()
Mountain Did not have activator set in SpellAbilityRestriction.canPlay()
Lava Axe Did not have activator set in SpellAbilityRestriction.canPlay()
Game Outcome: Match Duration 0m : 00s
Game Outcome: Turn 8
Game Outcome: Ai(1)-ST Balance Drop Pod No Ping has won because all opponents have lost
Game Outcome: Ai(2)-Benchmark Red Forge has lost because life total reached 0
Match Result: Ai(1)-ST Balance Drop Pod No Ping: 118 Ai(2)-Benchmark Red Forge: 56 

Game Result: Game 174 ended in 573 ms. Ai(1)-ST Balance Drop Pod No Ping has won!

Lightning Elemental Did not have activator set in SpellAbilityRestriction.canPlay()
Game Outcome: Match Duration 0m : 00s
Game Outcome: Turn 7
Game Outcome: Ai(1)-ST Balance Drop Pod No Ping has won because all opponents have lost
Game Outcome: Ai(2)-Benchmark Red Forge has lost because life total reached 0
Match Result: Ai(1)-ST Balance Drop Pod No Ping: 119 Ai(2)-Benchmark Red Forge: 56 

Game Result: Game 175 ended in 559 ms. Ai(1)-ST Balance Drop Pod No Ping has won!

Volcanic Hammer Did not have activator set in SpellAbilityRestriction.canPlay()
Volcanic Hammer Did not have activator set in SpellAbilityRestriction.canPlay()
Lightning Elemental Did not have activator set in SpellAbilityRestriction.canPlay()
Game Outcome: Match Duration 0m : 00s
Game Outcome: Turn 9
Game Outcome: Ai(1)-ST Balance Drop Pod No Ping has lost because life total reached 0
Game Outcome: Ai(2)-Benchmark Red Forge has won because all opponents have lost
Match Result: Ai(1)-ST Balance Drop Pod No Ping: 119 Ai(2)-Benchmark Red Forge: 57 

Game Result: Game 176 ended in 463 ms. Ai(2)-Benchmark Red Forge has won!

Mountain Did not have activator set in SpellAbilityRestriction.canPlay()
Game Outcome: Match Duration 0m : 00s
Game Outcome: Turn 14
Game Outcome: Ai(1)-ST Balance Drop Pod No Ping has lost because life total reached 0
Game Outcome: Ai(2)-Benchmark Red Forge has won because all opponents have lost
Match Result: Ai(1)-ST Balance Drop Pod No Ping: 119 Ai(2)-Benchmark Red Forge: 58 

Game Result: Game 177 ended in 914 ms. Ai(2)-Benchmark Red Forge has won!

Mountain Did not have activator set in SpellAbilityRestriction.canPlay()
Mountain Did not have activator set in SpellAbilityRestriction.canPlay()
Mountain Did not have activator set in SpellAbilityRestriction.canPlay()
Mountain Did not have activator set in SpellAbilityRestriction.canPlay()
Game Outcome: Match Duration 0m : 00s
Game Outcome: Turn 12
Game Outcome: Ai(1)-ST Balance Drop Pod No Ping has won because all opponents have lost
Game Outcome: Ai(2)-Benchmark Red Forge has lost because life total reached 0
Match Result: Ai(1)-ST Balance Drop Pod No Ping: 120 Ai(2)-Benchmark Red Forge: 58 

Game Result: Game 178 ended in 755 ms. Ai(1)-ST Balance Drop Pod No Ping has won!

Game Outcome: Match Duration 0m : 00s
Game Outcome: Turn 9
Game Outcome: Ai(1)-ST Balance Drop Pod No Ping has won because all opponents have lost
Game Outcome: Ai(2)-Benchmark Red Forge has lost because life total reached 0
Match Result: Ai(1)-ST Balance Drop Pod No Ping: 121 Ai(2)-Benchmark Red Forge: 58 

Game Result: Game 179 ended in 698 ms. Ai(1)-ST Balance Drop Pod No Ping has won!

Lava Axe Did not have activator set in SpellAbilityRestriction.canPlay()
Lava Axe Did not have activator set in SpellAbilityRestriction.canPlay()
Game Outcome: Match Duration 0m : 00s
Game Outcome: Turn 10
Game Outcome: Ai(1)-ST Balance Drop Pod No Ping has won because all opponents have lost
Game Outcome: Ai(2)-Benchmark Red Forge has lost because life total reached 0
Match Result: Ai(1)-ST Balance Drop Pod No Ping: 122 Ai(2)-Benchmark Red Forge: 58 

Game Result: Game 180 ended in 548 ms. Ai(1)-ST Balance Drop Pod No Ping has won!

Game Outcome: Match Duration 0m : 00s
Game Outcome: Turn 8
Game Outcome: Ai(1)-ST Balance Drop Pod No Ping has won because all opponents have lost
Game Outcome: Ai(2)-Benchmark Red Forge has lost because life total reached 0
Match Result: Ai(1)-ST Balance Drop Pod No Ping: 123 Ai(2)-Benchmark Red Forge: 58 

Game Result: Game 181 ended in 610 ms. Ai(1)-ST Balance Drop Pod No Ping has won!

Mountain Did not have activator set in SpellAbilityRestriction.canPlay()
Hill Giant Did not have activator set in SpellAbilityRestriction.canPlay()
Mountain Did not have activator set in SpellAbilityRestriction.canPlay()
Game Outcome: Match Duration 0m : 00s
Game Outcome: Turn 8
Game Outcome: Ai(1)-ST Balance Drop Pod No Ping has won because all opponents have lost
Game Outcome: Ai(2)-Benchmark Red Forge has lost because life total reached 0
Match Result: Ai(1)-ST Balance Drop Pod No Ping: 124 Ai(2)-Benchmark Red Forge: 58 

Game Result: Game 182 ended in 760 ms. Ai(1)-ST Balance Drop Pod No Ping has won!

Goblin Chariot Did not have activator set in SpellAbilityRestriction.canPlay()
Goblin Chariot Did not have activator set in SpellAbilityRestriction.canPlay()
Lightning Elemental Did not have activator set in SpellAbilityRestriction.canPlay()
Game Outcome: Match Duration 0m : 00s
Game Outcome: Turn 9
Game Outcome: Ai(1)-ST Balance Drop Pod No Ping has won because all opponents have lost
Game Outcome: Ai(2)-Benchmark Red Forge has lost because life total reached 0
Match Result: Ai(1)-ST Balance Drop Pod No Ping: 125 Ai(2)-Benchmark Red Forge: 58 

Game Result: Game 183 ended in 649 ms. Ai(1)-ST Balance Drop Pod No Ping has won!

Mountain Did not have activator set in SpellAbilityRestriction.canPlay()
Mountain Did not have activator set in SpellAbilityRestriction.canPlay()
Mountain Did not have activator set in SpellAbilityRestriction.canPlay()
Shock Did not have activator set in SpellAbilityRestriction.canPlay()
Lightning Elemental Did not have activator set in SpellAbilityRestriction.canPlay()
Game Outcome: Match Duration 0m : 00s
Game Outcome: Turn 7
Game Outcome: Ai(1)-ST Balance Drop Pod No Ping has lost because life total reached 0
Game Outcome: Ai(2)-Benchmark Red Forge has won because all opponents have lost
Match Result: Ai(1)-ST Balance Drop Pod No Ping: 125 Ai(2)-Benchmark Red Forge: 59 

Game Result: Game 184 ended in 403 ms. Ai(2)-Benchmark Red Forge has won!

Mountain Did not have activator set in SpellAbilityRestriction.canPlay()
Mountain Did not have activator set in SpellAbilityRestriction.canPlay()
Volcanic Hammer Did not have activator set in SpellAbilityRestriction.canPlay()
Game Outcome: Match Duration 0m : 00s
Game Outcome: Turn 8
Game Outcome: Ai(1)-ST Balance Drop Pod No Ping has lost because life total reached 0
Game Outcome: Ai(2)-Benchmark Red Forge has won because all opponents have lost
Match Result: Ai(1)-ST Balance Drop Pod No Ping: 125 Ai(2)-Benchmark Red Forge: 60 

Game Result: Game 185 ended in 654 ms. Ai(2)-Benchmark Red Forge has won!

Mountain Did not have activator set in SpellAbilityRestriction.canPlay()
Goblin Chariot Did not have activator set in SpellAbilityRestriction.canPlay()
Game Outcome: Match Duration 0m : 00s
Game Outcome: Turn 12
Game Outcome: Ai(1)-ST Balance Drop Pod No Ping has won because all opponents have lost
Game Outcome: Ai(2)-Benchmark Red Forge has lost because life total reached 0
Match Result: Ai(1)-ST Balance Drop Pod No Ping: 126 Ai(2)-Benchmark Red Forge: 60 

Game Result: Game 186 ended in 863 ms. Ai(1)-ST Balance Drop Pod No Ping has won!

Goblin Piker Did not have activator set in SpellAbilityRestriction.canPlay()
Lava Axe Did not have activator set in SpellAbilityRestriction.canPlay()
Game Outcome: Match Duration 0m : 00s
Game Outcome: Turn 7
Game Outcome: Ai(1)-ST Balance Drop Pod No Ping has lost because life total reached 0
Game Outcome: Ai(2)-Benchmark Red Forge has won because all opponents have lost
Match Result: Ai(1)-ST Balance Drop Pod No Ping: 126 Ai(2)-Benchmark Red Forge: 61 

Game Result: Game 187 ended in 450 ms. Ai(2)-Benchmark Red Forge has won!

Mountain Did not have activator set in SpellAbilityRestriction.canPlay()
Mountain Did not have activator set in SpellAbilityRestriction.canPlay()
Mountain Did not have activator set in SpellAbilityRestriction.canPlay()
Mountain Did not have activator set in SpellAbilityRestriction.canPlay()
Lightning Strike Did not have activator set in SpellAbilityRestriction.canPlay()
Game Outcome: Match Duration 0m : 00s
Game Outcome: Turn 9
Game Outcome: Ai(1)-ST Balance Drop Pod No Ping has won because all opponents have lost
Game Outcome: Ai(2)-Benchmark Red Forge has lost because life total reached 0
Match Result: Ai(1)-ST Balance Drop Pod No Ping: 127 Ai(2)-Benchmark Red Forge: 61 

Game Result: Game 188 ended in 519 ms. Ai(1)-ST Balance Drop Pod No Ping has won!

Lava Axe Did not have activator set in SpellAbilityRestriction.canPlay()
Lava Axe Did not have activator set in SpellAbilityRestriction.canPlay()
Game Outcome: Match Duration 0m : 00s
Game Outcome: Turn 9
Game Outcome: Ai(1)-ST Balance Drop Pod No Ping has won because all opponents have lost
Game Outcome: Ai(2)-Benchmark Red Forge has lost because life total reached 0
Match Result: Ai(1)-ST Balance Drop Pod No Ping: 128 Ai(2)-Benchmark Red Forge: 61 

Game Result: Game 189 ended in 497 ms. Ai(1)-ST Balance Drop Pod No Ping has won!

Lightning Elemental Did not have activator set in SpellAbilityRestriction.canPlay()
Mountain Did not have activator set in SpellAbilityRestriction.canPlay()
Game Outcome: Match Duration 0m : 00s
Game Outcome: Turn 9
Game Outcome: Ai(1)-ST Balance Drop Pod No Ping has lost because life total reached 0
Game Outcome: Ai(2)-Benchmark Red Forge has won because all opponents have lost
Match Result: Ai(1)-ST Balance Drop Pod No Ping: 128 Ai(2)-Benchmark Red Forge: 62 

Game Result: Game 190 ended in 499 ms. Ai(2)-Benchmark Red Forge has won!

Mountain Did not have activator set in SpellAbilityRestriction.canPlay()
Lava Axe Did not have activator set in SpellAbilityRestriction.canPlay()
Mountain Did not have activator set in SpellAbilityRestriction.canPlay()
Volcanic Hammer Did not have activator set in SpellAbilityRestriction.canPlay()
Mountain Did not have activator set in SpellAbilityRestriction.canPlay()
Lava Axe Did not have activator set in SpellAbilityRestriction.canPlay()
Game Outcome: Match Duration 0m : 00s
Game Outcome: Turn 8
Game Outcome: Ai(1)-ST Balance Drop Pod No Ping has lost because life total reached 0
Game Outcome: Ai(2)-Benchmark Red Forge has won because all opponents have lost
Match Result: Ai(1)-ST Balance Drop Pod No Ping: 128 Ai(2)-Benchmark Red Forge: 63 

Game Result: Game 191 ended in 496 ms. Ai(2)-Benchmark Red Forge has won!

Game Outcome: Match Duration 0m : 00s
Game Outcome: Turn 8
Game Outcome: Ai(1)-ST Balance Drop Pod No Ping has won because all opponents have lost
Game Outcome: Ai(2)-Benchmark Red Forge has lost because life total reached 0
Match Result: Ai(1)-ST Balance Drop Pod No Ping: 129 Ai(2)-Benchmark Red Forge: 63 

Game Result: Game 192 ended in 453 ms. Ai(1)-ST Balance Drop Pod No Ping has won!

Mountain Did not have activator set in SpellAbilityRestriction.canPlay()
Mountain Did not have activator set in SpellAbilityRestriction.canPlay()
Lightning Strike Did not have activator set in SpellAbilityRestriction.canPlay()
Game Outcome: Match Duration 0m : 00s
Game Outcome: Turn 6
Game Outcome: Ai(1)-ST Balance Drop Pod No Ping has lost because life total reached 0
Game Outcome: Ai(2)-Benchmark Red Forge has won because all opponents have lost
Match Result: Ai(1)-ST Balance Drop Pod No Ping: 129 Ai(2)-Benchmark Red Forge: 64 

Game Result: Game 193 ended in 318 ms. Ai(2)-Benchmark Red Forge has won!

Game Outcome: Match Duration 0m : 00s
Game Outcome: Turn 9
Game Outcome: Ai(1)-ST Balance Drop Pod No Ping has won because all opponents have lost
Game Outcome: Ai(2)-Benchmark Red Forge has lost because life total reached 0
Match Result: Ai(1)-ST Balance Drop Pod No Ping: 130 Ai(2)-Benchmark Red Forge: 64 

Game Result: Game 194 ended in 655 ms. Ai(1)-ST Balance Drop Pod No Ping has won!

Goblin Chariot Did not have activator set in SpellAbilityRestriction.canPlay()
Goblin Chariot Did not have activator set in SpellAbilityRestriction.canPlay()
Game Outcome: Match Duration 0m : 00s
Game Outcome: Turn 7
Game Outcome: Ai(1)-ST Balance Drop Pod No Ping has won because all opponents have lost
Game Outcome: Ai(2)-Benchmark Red Forge has lost because life total reached 0
Match Result: Ai(1)-ST Balance Drop Pod No Ping: 131 Ai(2)-Benchmark Red Forge: 64 

Game Result: Game 195 ended in 500 ms. Ai(1)-ST Balance Drop Pod No Ping has won!

Mountain Did not have activator set in SpellAbilityRestriction.canPlay()
Raging Goblin Did not have activator set in SpellAbilityRestriction.canPlay()
Mountain Did not have activator set in SpellAbilityRestriction.canPlay()
Lightning Elemental Did not have activator set in SpellAbilityRestriction.canPlay()
Game Outcome: Match Duration 0m : 00s
Game Outcome: Turn 6
Game Outcome: Ai(1)-ST Balance Drop Pod No Ping has lost because life total reached 0
Game Outcome: Ai(2)-Benchmark Red Forge has won because all opponents have lost
Match Result: Ai(1)-ST Balance Drop Pod No Ping: 131 Ai(2)-Benchmark Red Forge: 65 

Game Result: Game 196 ended in 322 ms. Ai(2)-Benchmark Red Forge has won!

Raging Goblin Did not have activator set in SpellAbilityRestriction.canPlay()
Volcanic Hammer Did not have activator set in SpellAbilityRestriction.canPlay()
Game Outcome: Match Duration 0m : 00s
Game Outcome: Turn 6
Game Outcome: Ai(1)-ST Balance Drop Pod No Ping has lost because life total reached 0
Game Outcome: Ai(2)-Benchmark Red Forge has won because all opponents have lost
Match Result: Ai(1)-ST Balance Drop Pod No Ping: 131 Ai(2)-Benchmark Red Forge: 66 

Game Result: Game 197 ended in 458 ms. Ai(2)-Benchmark Red Forge has won!

Mountain Did not have activator set in SpellAbilityRestriction.canPlay()
Mountain Did not have activator set in SpellAbilityRestriction.canPlay()
Goblin Chariot Did not have activator set in SpellAbilityRestriction.canPlay()
Goblin Piker Did not have activator set in SpellAbilityRestriction.canPlay()
Game Outcome: Match Duration 0m : 00s
Game Outcome: Turn 10
Game Outcome: Ai(1)-ST Balance Drop Pod No Ping has won because all opponents have lost
Game Outcome: Ai(2)-Benchmark Red Forge has lost because life total reached 0
Match Result: Ai(1)-ST Balance Drop Pod No Ping: 132 Ai(2)-Benchmark Red Forge: 66 

Game Result: Game 198 ended in 682 ms. Ai(1)-ST Balance Drop Pod No Ping has won!

Mountain Did not have activator set in SpellAbilityRestriction.canPlay()
Mountain Did not have activator set in SpellAbilityRestriction.canPlay()
Lightning Strike Did not have activator set in SpellAbilityRestriction.canPlay()
Game Outcome: Match Duration 0m : 00s
Game Outcome: Turn 10
Game Outcome: Ai(1)-ST Balance Drop Pod No Ping has won because all opponents have lost
Game Outcome: Ai(2)-Benchmark Red Forge has lost because life total reached 0
Match Result: Ai(1)-ST Balance Drop Pod No Ping: 133 Ai(2)-Benchmark Red Forge: 66 

Game Result: Game 199 ended in 632 ms. Ai(1)-ST Balance Drop Pod No Ping has won!

Mountain Did not have activator set in SpellAbilityRestriction.canPlay()
Game Outcome: Match Duration 0m : 00s
Game Outcome: Turn 6
Game Outcome: Ai(1)-ST Balance Drop Pod No Ping has lost because life total reached 0
Game Outcome: Ai(2)-Benchmark Red Forge has won because all opponents have lost
Match Result: Ai(1)-ST Balance Drop Pod No Ping: 133 Ai(2)-Benchmark Red Forge: 67 

Game Result: Game 200 ended in 352 ms. Ai(2)-Benchmark Red Forge has won!

